ICAO,90th Percentile AQI
KYKN,
KY50,
KXNO,
KWWD,
KWVL,"46.0"
KVPS,"48.0"
KVIS,"144.0"
KVBT,"60.666666666666664"
KVAD,"60.333333333333336"
KUDG,"57.0"
KUCP,"49.333333333333336"
KTVF,
KTTS,"55.0"
KTIK,"73.33333333333333"
KTDR,"58.333333333333336"
KTBN,
KSVN,"59.0"
KSUE,
KSSC,
KSRC,
KSQI,
KSOP,
KSMP,"66.66666666666667"
KSMN,"72.33333333333333"
KSLG,"60.666666666666664"
KSKX,"41.0"
KSGU,"69.33333333333333"
KSGT,"64.66666666666667"
KSGJ,"64.66666666666667"
KSGH,"67.33333333333333"
KSFZ,"67.0"
KSFM,"58.0"
KSDY,"52.666666666666664"
KRYM,"55.333333333333336"
KRUT,"60.0"
KRKD,"46.0"
KRCA,"62.0"
KPWT,"42.333333333333336"
KPWG,"54.333333333333336"
KPVU,"88.33333333333333"
KPVG,"56.666666666666664"
KPVC,"47.333333333333336"
KPTV,"144.0"
KPTN,
KPRX,
KPQI,"54.666666666666664"
KPOB,"61.0"
KPIB,
KP60,"59.0"
KOZR,
KOWB,"65.66666666666667"
KOTH,
KOTG,
KOLU,
KOKK,"60.666666666666664"
KOCH,
KOAJ,
KNTU,"56.666666666666664"
KNMM,"49.0"
KNLC,"118.0"
KNJK,"105.66666666666667"
KNID,"139.33333333333334"
KNFL,"63.0"
KNFE,"56.666666666666664"
KNCA,
KNBC,
KMYR,"42.333333333333336"
KMXF,"66.0"
KMVN,"62.0"
KMTW,"60.333333333333336"
KMSV,
KMRF,
KMQY,"67.33333333333333"
KMNM,
KMML,"52.0"
KMKY,"56.0"
KMKT,
KMEH,"64.0"
KMCF,"66.66666666666667"
KMBL,"55.333333333333336"
KM19,"61.0"
KLZU,"84.66666666666667"
KLTS,
KLSF,"66.0"
KLRF,"64.66666666666667"
KLRD,"66.33333333333333"
KLPC,"70.0"
KLHW,
KLGD,"60.333333333333336"
KLEW,"56.0"
KLCI,"51.333333333333336"
KLBL,
KKLS,"53.333333333333336"
KJHW,"56.333333333333336"
KJAC,"59.0"
KIWD,"35.333333333333336"
KITH,"46.666666666666664"
KISM,"63.666666666666664"
KILE,"56.0"
KIAB,"62.0"
KHYS,
KHYI,"66.0"
KHST,"69.33333333333333"
KHOP,"60.333333333333336"
KHND,"99.33333333333333"
KHNB,"60.666666666666664"
KHEZ,
KHEF,"80.0"
KHDN,"29.0"
KGXY,"79.0"
KGVQ,
KGUS,
KGUC,"54.333333333333336"
KGTU,"66.0"
KGTR,
KGPZ,
KGNA,"35.333333333333336"
KGDV,"50.0"
KGBD,
KGAI,"80.0"
KGAD,"66.66666666666667"
KFOD,
KFNL,"90.33333333333333"
KFLP,
KFKL,
KFCI,"64.0"
KFBG,"61.0"
KFAM,
KEWK,"62.0"
KEUL,"85.33333333333333"
KESC,
KENV,"100.66666666666667"
KEND,
KELZ,"50.333333333333336"
KEKY,"75.33333333333333"
KEHR,"69.0"
KEGI,"48.0"
KEGE,
KEEN,"56.666666666666664"
KEAR,
KDYR,"54.333333333333336"
KDWU,"62.666666666666664"
KDVL,
KDLF,
KDIJ,"59.0"
KCWI,"70.33333333333333"
KCVO,"53.666666666666664"
KCVN,
KCOF,"55.0"
KCOE,"61.0"
KCOD,"58.666666666666664"
KCIU,"55.333333333333336"
KCGZ,"121.33333333333333"
KCBM,
KBVX,
KBTP,"89.0"
KBOK,
KBMI,"63.0"
KBLV,"84.33333333333333"
KBLM,"91.33333333333333"
KBKX,"54.0"
KBHB,"54.666666666666664"
KBAD,"64.66666666666667"
KAWO,"80.0"
KAUO,
KASH,"50.333333333333336"
KARG,
KALK,"65.0"
KAJO,"178.0"
KAIZ,
KAFJ,"89.0"
KADF,"45.333333333333336"
K8D3,
K7N0,"67.33333333333333"
K2DP,
K1M4,"58.333333333333336"
KY70,"65.66666666666667"
KY63,
KY51,"59.333333333333336"
KY49,"55.333333333333336"
KY31,"55.333333333333336"
KY23,"59.666666666666664"
KY19,"58.333333333333336"
KXSA,"64.0"
KX60,"54.666666666666664"
KX07,"58.0"
KW96,"64.0"
KW81,"64.0"
KW75,"56.666666666666664"
KW63,"62.333333333333336"
KW31,"64.0"
KW13,
KVVV,"55.333333333333336"
KVTI,"64.0"
KVNW,
KVNC,"60.0"
KVLL,"84.66666666666667"
KVKS,
KVJI,"61.0"
KVGC,"55.333333333333336"
KVER,"51.333333333333336"
KVDF,"66.66666666666667"
KVBW,"51.666666666666664"
KUTA,"69.0"
KUOX,
KUNU,"62.333333333333336"
KULM,
KUKT,"85.66666666666667"
KUGN,"89.33333333333333"
KUBE,
KTWT,"69.0"
KTWM,"56.333333333333336"
KTVY,"100.66666666666667"
KTTF,"49.333333333333336"
KTSP,"139.33333333333334"
KTOB,"58.0"
KTNU,"60.333333333333336"
KTME,"93.33333333333333"
KTKX,
KTKV,"50.0"
KTKC,"52.0"
KTIW,"80.0"
KTEW,"62.0"
KTCY,"97.33333333333333"
KT69,"63.0"
KSYN,"48.666666666666664"
KSYM,
KSXU,
KSXK,"60.0"
KSVH,"75.0"
KSVE,
KSVC,
KSUZ,"64.66666666666667"
KSUW,"56.333333333333336"
KSUT,"42.333333333333336"
KSRR,"28.666666666666668"
KSPF,
KSPA,"61.666666666666664"
KSOW,"64.0"
KSNK,
KSNC,"69.0"
KSMS,
KSLB,
KSJX,"56.333333333333336"
KSIK,
KSIF,"64.0"
KSHL,
KSGS,"74.0"
KSFQ,"56.666666666666664"
KSDC,"61.333333333333336"
KSDA,"67.0"
KSCR,"62.333333333333336"
KSCK,"97.33333333333333"
KSAZ,"55.333333333333336"
KS32,"26.0"
KS25,"52.666666666666664"
KRZT,
KRZN,"74.0"
KRYV,"57.666666666666664"
KRVL,
KRUQ,"75.0"
KRUG,"52.5"
KRRT,"49.333333333333336"
KRRL,"50.0"
KRQB,
KRPH,
KRPD,"59.666666666666664"
KROX,"49.333333333333336"
KROS,"74.0"
KRNP,"62.0"
KRNO,"78.0"
KRNH,"74.0"
KRMY,
KRMN,"80.0"
KRID,
KRHP,"67.33333333333333"
KRGK,"74.0"
KRFI,"49.0"
KRDK,"67.0"
KRCZ,
KRCX,"59.666666666666664"
KRCM,
KRBW,"57.666666666666664"
KRAW,
KPZQ,
KPWC,"55.333333333333336"
KPVF,"114.33333333333333"
KPVB,"58.0"
KPTB,"64.0"
KPSK,"50.0"
KPRO,"60.333333333333336"
KPQN,"59.333333333333336"
KPOV,"65.66666666666667"
KPMH,"45.333333333333336"
KPLR,"75.33333333333333"
KPJC,"89.0"
KPHP,"62.0"
KPGV,"58.0"
KPEX,"56.0"
KPEA,
KPDC,"58.0"
KPCZ,
KPCD,
KPBH,"50.0"
KPAN,"77.33333333333333"
KOZW,"84.66666666666667"
KOZS,
KOXV,
KOXD,"79.0"
KOVL,
KOSC,
KOQN,"85.66666666666667"
KOOA,
KONZ,"84.66666666666667"
KONM,"81.33333333333333"
KONA,"50.666666666666664"
KOMH,"80.0"
KOLZ,"66.33333333333333"
KOLG,"56.333333333333336"
KOLE,
KOKV,"58.0"
KOIN,"46.0"
KOIC,
KOEO,"74.0"
KOEL,
KOEB,
KOCQ,"62.333333333333336"
KO22,"93.66666666666667"
KNFG,"105.66666666666667"
KN38,"46.333333333333336"
KN03,
KMZJ,"121.33333333333333"
KMZH,"56.333333333333336"
KMYJ,
KMXO,"64.0"
KMWM,
KMWK,
KMVE,
KMUT,"64.33333333333333"
KMTN,"81.66666666666667"
KMRT,"67.33333333333333"
KMRN,"64.33333333333333"
KMPZ,
KMOX,
KMOP,
KMNI,
KMKS,"57.666666666666664"
KMKJ,
KMKG,"68.33333333333333"
KMJQ,
KMHL,
KMGN,"56.333333333333336"
KMFV,"61.0"
KMDZ,"50.0"
KMCJ,"93.33333333333333"
KMBY,
KMBO,"66.33333333333333"
KMAW,
KMAO,"42.333333333333336"
KMAN,"85.33333333333333"
KM40,
KM21,
KLYV,
KLWA,"68.33333333333333"
KLVL,"64.0"
KLUM,
KLRY,"76.66666666666667"
KLRU,"95.66666666666667"
KLRO,"57.666666666666664"
KLRJ,"60.0"
KLQK,"64.0"
KLNP,
KLNL,"35.333333333333336"
KLLJ,"56.333333333333336"
KLKR,"75.0"
KLJF,
KLIC,"102.0"
KLHZ,"66.0"
KLDM,"55.333333333333336"
KLDJ,"91.33333333333333"
KLBO,
KL52,"81.0"
KL18,"105.66666666666667"
KL08,"105.66666666666667"
KKY8,"65.66666666666667"
KJZI,"57.666666666666664"
KJYO,"80.0"
KJYM,
KJXI,"49.0"
KJVW,"66.33333333333333"
KJSO,
KJNX,"66.0"
KJMR,"74.0"
KJKJ,"57.333333333333336"
KJHN,
KJGG,"56.666666666666664"
KJFZ,
KJFX,
KJAQ,"114.33333333333333"
KIXA,
KIUA,"61.333333333333336"
KISQ,
KIRS,
KIRK,
KIPJ,"75.0"
KINF,"58.0"
KIMS,
KIKW,
KIKV,"60.333333333333336"
KIIB,"66.33333333333333"
KIFA,"66.33333333333333"
KIDI,"51.333333333333336"
KICL,
KI75,"60.333333333333336"
KI69,"79.0"
KI68,"79.0"
KI67,"79.0"
KI43,
KI23,"50.666666666666664"
KHZX,"56.333333333333336"
KHZL,"64.0"
KHZE,"58.333333333333336"
KHYX,
KHYW,"42.333333333333336"
KHWY,"80.0"
KHVS,"57.0"
KHRJ,"61.0"
KHON,
KHNR,"67.0"
KHLX,"50.0"
KHFY,"75.66666666666667"
KHEG,"64.66666666666667"
KHCO,
KHCD,
KHBI,"64.0"
KHAI,
KHAF,"78.66666666666667"
KHAE,
KGZL,"38.666666666666664"
KGYL,
KGWW,
KGWR,
KGPI,"65.66666666666667"
KGPH,"76.66666666666667"
KGNT,
KGLY,
KGHW,"56.0"
KGGI,"60.333333333333336"
KGGE,"28.333333333333332"
KGEV,
KGDB,"52.0"
KGAF,
KFYG,"84.33333333333333"
KFXY,"31.0"
KFWB,"52.0"
KFVX,"54.333333333333336"
KFSW,"59.666666666666664"
KFSO,"53.333333333333336"
KFRR,"80.0"
KFRH,"60.666666666666664"
KFQD,
KFPK,"62.0"
KFKS,"56.333333333333336"
KFKN,"56.666666666666664"
KFKA,"58.0"
KFGN,"49.333333333333336"
KFFX,"68.33333333333333"
KFFM,
KFFL,
KFFA,
KFBL,
KEZS,
KEZF,"80.0"
KEYF,
KEVU,
KEVM,"56.333333333333336"
KETB,"71.33333333333333"
KERY,"55.333333333333336"
KEOK,"59.666666666666664"
KELO,"56.333333333333336"
KEKX,"64.0"
KEGV,"50.0"
KEFT,"64.66666666666667"
KEFK,"53.333333333333336"
KEDJ,
KEDE,
KEBS,
KEAT,"66.66666666666667"
KDYT,"56.333333333333336"
KDYB,"57.666666666666664"
KDYA,"64.66666666666667"
KDXX,"52.0"
KDUH,"49.333333333333336"
KDTL,
KDRM,"55.333333333333336"
KDNS,"67.0"
KDNA,"95.66666666666667"
KDLL,"59.0"
KDLH,"56.333333333333336"
KDEH,"58.0"
KD95,"84.66666666666667"
KD60,"52.666666666666664"
KD57,"58.333333333333336"
KD55,
KD50,"52.666666666666664"
KD39,"56.0"
KD25,"50.0"
KCXE,"62.333333333333336"
KCVX,"56.333333333333336"
KCVH,"74.0"
KCTZ,"61.0"
KCSQ,"60.333333333333336"
KCQW,
KCPT,"89.0"
KCPK,"56.666666666666664"
KCPF,
KCPC,"42.333333333333336"
KCOQ,"56.333333333333336"
KCNK,
KCNC,"60.333333333333336"
KCNB,"52.0"
KCMR,"69.66666666666667"
KCMA,"90.66666666666667"
KCLW,"66.66666666666667"
KCLS,"53.0"
KCLI,"60.333333333333336"
KCKZ,"85.66666666666667"
KCKP,
KCKN,
KCKM,
KCKI,
KCJR,"80.0"
KCIN,
KCGE,"60.666666666666664"
KCGC,"58.0"
KCFS,"84.66666666666667"
KCFJ,
KCFE,"74.0"
KCDN,"62.333333333333336"
KCDI,
KCDH,
KCDA,
KCCY,"66.33333333333333"
KCCA,"64.66666666666667"
KCBG,"74.0"
KCBF,"67.0"
KCAV,
KCAO,"63.0"
KCAD,"55.0"
KC35,"59.0"
KC29,"64.66666666666667"
KBYL,
KBXK,"121.33333333333333"
KBWW,"50.0"
KBWP,
KBVU,"99.33333333333333"
KBVI,"89.0"
KBTN,"52.666666666666664"
KBRY,
KBRG,"81.33333333333333"
KBNW,"48.0"
KBNL,"65.0"
KBKT,"64.0"
KBKS,
KBKN,"64.0"
KBEA,
KBDH,
KBCK,"59.333333333333336"
KBCB,"50.0"
KBBP,
KBBB,
KBAX,"84.66666666666667"
KBAC,"57.333333333333336"
KAXV,
KAXA,
KAWG,"60.0"
KAVC,
KAUM,
KATS,"77.0"
KAST,
KASJ,
KARW,
KARV,"50.0"
KAQX,"65.0"
KANJ,"55.333333333333336"
KAMN,
KALM,
KAIT,"55.333333333333336"
KAIO,"67.0"
KAIK,"65.0"
KAIG,"50.0"
KAID,"75.66666666666667"
KAFP,"75.0"
KADU,"60.333333333333336"
KACQ,
KACB,"56.333333333333336"
KAAT,
K9MN,"58.0"
K96D,
K8W2,"51.666666666666664"
K8B0,"62.0"
K82C,"59.0"
K7L2,"58.333333333333336"
K77S,"76.33333333333333"
K6L4,
K6B9,"55.333333333333336"
K6B0,
K5H4,"52.5"
K54J,"48.0"
K4R5,"56.333333333333336"
K4M9,
K4A6,
K46D,"26.0"
K42J,"64.66666666666667"
K41U,"88.33333333333333"
K3N8,"57.333333333333336"
K3D2,
K35A,
K2W6,
K2P2,
K2J9,"63.666666666666664"
K2G4,"53.666666666666664"
K2D5,"52.666666666666664"
K28J,"24.666666666666668"
K27K,"61.333333333333336"
K24J,"59.333333333333336"
K24A,"67.33333333333333"
K22N,"76.66666666666667"
K21D,"74.0"
K20U,"50.0"
K1S5,"83.66666666666667"
K1R7,
K1P1,
K1A5,"67.33333333333333"
K14Y,"56.0"
K0VG,"61.0"
K0V4,"54.333333333333336"
K0S9,"60.666666666666664"
K0E0,"81.33333333333333"
K08D,"52.5"
K06D,"52.5"
K04W,"74.0"
KWLD,
KWAL,"61.0"
KVTA,"67.33333333333333"
KVSF,
KVAY,"85.66666666666667"
KUZA,"75.0"
KUIN,"50.666666666666664"
KTQE,"67.0"
KTAD,"48.0"
KSYR,"55.333333333333336"
KSUS,"84.33333333333333"
KSLC,"100.66666666666667"
KSET,"84.33333333333333"
KSBY,"61.0"
KSBN,"69.0"
KRST,"58.0"
KRSP,"80.0"
KROC,"61.333333333333336"
KROA,"56.666666666666664"
KRKS,"66.33333333333333"
KRIC,"64.0"
KRFD,"55.666666666666664"
KRDG,"70.33333333333333"
KRBL,"93.66666666666667"
KPTW,"85.66666666666667"
KPSF,"60.0"
KPNE,"85.66666666666667"
KPLN,"55.333333333333336"
KPIA,"65.0"
KPHL,"85.66666666666667"
KPHF,"56.666666666666664"
KORH,"60.333333333333336"
KOLS,"64.33333333333333"
KOLM,"56.333333333333336"
KOFP,"64.0"
KMVL,
KMRY,"56.666666666666664"
KMOT,"52.5"
KMKC,"76.66666666666667"
KMGJ,
KMFI,
KMEM,"69.0"
KLYH,"54.333333333333336"
KLWT,"55.666666666666664"
KLWM,"70.33333333333333"
KLNK,"53.333333333333336"
KLEX,"61.333333333333336"
KLAF,"61.666666666666664"
KJST,"66.0"
KJAN,"66.33333333333333"
KIZG,"58.0"
KISW,
KIPT,"46.333333333333336"
KINT,"68.0"
KINL,"56.333333333333336"
KIND,"75.66666666666667"
KIMT,
KILN,"66.33333333333333"
KHWD,"78.66666666666667"
KGSO,"64.0"
KGED,"61.0"
KGCN,"69.66666666666667"
KGCK,
KFZY,"55.333333333333336"
KFWA,"67.0"
KFIG,"48.333333333333336"
KFFZ,"121.33333333333333"
KEWN,
KEVV,"69.0"
KEUG,"76.33333333333333"
KECG,
KDYL,"85.66666666666667"
KDSV,"61.333333333333336"
KDSM,"60.333333333333336"
KDEC,"62.666666666666664"
KDDH,"53.0"
KCRW,"59.333333333333336"
KCOU,"51.333333333333336"
KCOS,"75.0"
KCEU,"55.0"
KCAR,"54.666666666666664"
KBWI,"81.66666666666667"
KBUY,
KBUF,"65.0"
KBTV,"53.333333333333336"
KBOS,"70.33333333333333"
KBKB,
KBFL,"139.33333333333334"
KAVL,"62.333333333333336"
KAUW,"50.0"
KAPN,
KAPC,"65.66666666666667"
KALO,"66.33333333333333"
KAKR,"65.66666666666667"
KAKQ,"64.0"
KACY,"57.333333333333336"
KAAO,"62.0"
K1V4,
K12N,"91.33333333333333"
KZZV,
KYKM,"83.66666666666667"
KYIP,"84.66666666666667"
KXVG,"55.333333333333336"
KXNA,"60.666666666666664"
KWST,"67.0"
KWRL,"64.66666666666667"
KVUO,"71.0"
KVRB,"49.0"
KVLD,"60.333333333333336"
KVIH,
KVGT,"99.33333333333333"
KVEL,"78.33333333333333"
KVCB,"69.0"
KUTS,
KUNV,"63.333333333333336"
KUNO,
KUKI,"64.33333333333333"
KUIL,"60.666666666666664"
KUAO,"59.666666666666664"
KTYS,"72.66666666666667"
KTYR,"50.333333333333336"
KTXK,"59.666666666666664"
KTWF,"57.0"
KTVR,
KTVC,"56.333333333333336"
KTUS,"79.33333333333333"
KTUP,"48.666666666666664"
KTUL,"73.66666666666667"
KTTN,"66.0"
KTTD,"71.0"
KTRL,"89.0"
KTRI,"61.0"
KTPA,"66.66666666666667"
KTOR,"55.0"
KTOP,"60.0"
KTOI,
KTMB,"69.33333333333333"
KTLH,"63.666666666666664"
KTKI,"89.0"
KTHV,"66.66666666666667"
KTDZ,"65.66666666666667"
KTCS,"95.66666666666667"
KTCL,"64.66666666666667"
KTCC,
KSWO,
KSTS,"56.0"
KSTP,"74.0"
KSTJ,"64.66666666666667"
KSTC,"74.0"
KSSI,"52.0"
KSSF,"69.33333333333333"
KSRQ,"60.0"
KSPW,
KSPG,"66.66666666666667"
KSPB,"71.0"
KSNY,
KSNS,"56.666666666666664"
KSNA,"141.0"
KSMQ,"91.33333333333333"
KSLN,
KSJC,"74.0"
KSIY,"92.0"
KSHR,"63.0"
KSHN,"54.666666666666664"
KSGR,"93.33333333333333"
KSFF,"74.33333333333333"
KSFB,"63.666666666666664"
KSEA,"80.0"
KSDM,"105.66666666666667"
KSDL,"121.33333333333333"
KSDB,"141.0"
KSBM,"74.0"
KSBA,"70.0"
KSAV,"59.0"
KSAF,"63.0"
KSAC,"114.33333333333333"
KRXE,
KRWL,"66.33333333333333"
KRWI,"56.333333333333336"
KRWF,
KRVS,"73.66666666666667"
KRUE,
KRTN,
KRSW,"56.0"
KRSL,
KRQE,
KRNM,"105.66666666666667"
KRMG,"63.333333333333336"
KRME,"53.666666666666664"
KRKP,
KRIW,"64.66666666666667"
KRIL,"75.0"
KRHI,"50.0"
KRDD,"80.66666666666667"
KRBG,"57.666666666666664"
KRBD,"89.0"
KRAL,"178.0"
KRAC,"79.33333333333333"
KPWA,"73.33333333333333"
KPUW,"53.333333333333336"
KPUC,"70.33333333333333"
KPUB,"48.0"
KPTK,"84.66666666666667"
KPSX,
KPSP,"178.0"
KPSC,"66.0"
KPRC,
KPRB,"81.0"
KPQL,"61.0"
KPOU,
KPOF,
KPNS,"61.666666666666664"
KPNC,"64.0"
KPMP,"69.33333333333333"
KPMD,"141.0"
KPKD,
KPKB,"57.333333333333336"
KPIR,"40.666666666666664"
KPIL,"65.0"
KPIH,"62.333333333333336"
KPHD,
KPGD,
KPGA,"69.66666666666667"
KPDX,"71.0"
KPDT,"64.0"
KPDK,"84.66666666666667"
KPBI,"69.33333333333333"
KPBG,
KPBF,
KPAH,"64.66666666666667"
KPAE,"80.0"
KP68,"47.666666666666664"
KOXB,"61.0"
KOWD,"70.33333333333333"
KOWA,
KOVS,"58.0"
KOVE,"95.33333333333333"
KOTM,
KOSU,"67.33333333333333"
KOSH,
KORL,"63.666666666666664"
KORB,"56.333333333333336"
KOPF,"69.33333333333333"
KONT,"178.0"
KONO,
KOLF,"52.666666666666664"
KOJC,"76.66666666666667"
KOGD,"96.0"
KOGB,
KODX,"51.666666666666664"
KODO,"55.666666666666664"
KOAK,"78.66666666666667"
KNUI,
KNRS,"105.66666666666667"
KNIP,"64.66666666666667"
KMYF,"105.66666666666667"
KMWL,
KMTO,
KMTJ,"54.333333333333336"
KMSY,"67.33333333333333"
KMSS,
KMSP,"74.0"
KMSO,"120.33333333333333"
KMSN,"64.66666666666667"
KMSL,"53.0"
KMRB,"64.66666666666667"
KMOD,"107.66666666666667"
KMMV,"71.0"
KMMK,"69.66666666666667"
KMLU,"52.666666666666664"
KMLT,"54.666666666666664"
KMLS,"58.666666666666664"
KMLP,"61.0"
KMLC,"62.666666666666664"
KMLB,"55.0"
KMKO,"38.666666666666664"
KMKL,"54.666666666666664"
KMIW,
KMIE,"58.333333333333336"
KMIC,"74.0"
KMIA,"69.33333333333333"
KMHT,"70.33333333333333"
KMHE,
KMGY,
KMGW,"53.666666666666664"
KMGM,"66.0"
KMFR,"92.0"
KMFE,"67.0"
KMDW,"89.33333333333333"
KMCO,"63.666666666666664"
KMCN,"63.0"
KMCK,"46.0"
KMCI,"76.66666666666667"
KMCB,
KMBS,
KMAI,"53.333333333333336"
KMAF,
KMAE,"103.33333333333333"
KLXV,"102.0"
KLXT,"76.66666666666667"
KLWV,"55.0"
KLWD,"60.333333333333336"
KLVS,
KLVM,"62.666666666666664"
KLVK,"78.66666666666667"
KLVJ,"93.33333333333333"
KLUK,"79.0"
KLSE,"59.333333333333336"
KLPR,"77.0"
KLOZ,
KLOU,"77.0"
KLOL,"63.0"
KLNS,"74.0"
KLND,"64.66666666666667"
KLMT,"91.0"
KLLQ,
KLKV,"78.0"
KLIT,"64.66666666666667"
KLHX,"48.0"
KLHQ,"67.33333333333333"
KLGB,"141.0"
KLFT,"65.33333333333333"
KLFK,
KLEE,"63.666666666666664"
KLEB,
KLCH,"66.66666666666667"
KLBX,"93.33333333333333"
KLBF,
KLBB,"50.666666666666664"
KLAX,"141.0"
KLAW,"61.333333333333336"
KLAR,"70.66666666666667"
KLAN,"62.0"
KLAA,
KJLN,"52.0"
KJKL,
KJER,"57.0"
KJEF,"52.0"
KJBR,"61.0"
KIXD,"76.66666666666667"
KIWI,"58.0"
KITR,"102.0"
KIPL,"105.66666666666667"
KINK,
KILM,"52.666666666666664"
KIDA,"60.0"
KICT,"62.0"
KICR,"40.666666666666664"
KIAH,"93.33333333333333"
KIAG,"65.0"
KHZY,"61.0"
KHYR,"56.333333333333336"
KHWO,"69.33333333333333"
KHVR,"55.666666666666664"
KHUL,"54.666666666666664"
KHUF,"67.33333333333333"
KHTL,"55.0"
KHSV,"57.666666666666664"
KHSI,
KHRO,"49.333333333333336"
KHRI,"64.0"
KHQM,"51.0"
KHOU,"93.33333333333333"
KHOT,"58.333333333333336"
KHLN,"72.66666666666667"
KHLG,"67.66666666666667"
KHLC,
KHKY,"64.33333333333333"
KHKS,"66.33333333333333"
KHKA,
KHIO,"71.0"
KHIB,"56.333333333333336"
KHHR,"141.0"
KHGR,"64.66666666666667"
KHFD,"69.0"
KHBR,
KHBG,"59.666666666666664"
KHAO,"79.0"
KGZH,
KGWO,
KGVL,"58.666666666666664"
KGUY,
KGUP,
KGTF,"55.666666666666664"
KGSP,"61.666666666666664"
KGSH,"64.66666666666667"
KGRR,"65.66666666666667"
KGRI,"51.666666666666664"
KGRB,"62.333333333333336"
KGPT,"61.0"
KGOK,"73.33333333333333"
KGNV,"54.666666666666664"
KGMU,"64.0"
KGLR,"56.333333333333336"
KGLH,
KGLD,
KGKY,"89.0"
KGKJ,
KGJT,"71.33333333333333"
KGIF,"58.0"
KGGW,"52.666666666666664"
KGGG,"49.0"
KGFL,
KGFK,
KGEZ,"75.66666666666667"
KGEY,"63.0"
KGEG,"74.33333333333333"
KGCC,"65.0"
KGAG,
KFYV,"60.666666666666664"
KFXE,"69.33333333333333"
KFWN,"91.33333333333333"
KFVE,"54.666666666666664"
KFUL,"141.0"
KFTY,"84.66666666666667"
KFTW,"89.0"
KFST,
KFSM,"55.333333333333336"
KFPR,"56.333333333333336"
KFOZ,
KFOE,"60.0"
KFNT,"62.666666666666664"
KFNB,"64.66666666666667"
KFMY,"56.0"
KFMN,"81.33333333333333"
KFLO,"57.0"
KFLL,"69.33333333333333"
KFLD,"54.0"
KFFT,
KFFC,"84.66666666666667"
KFDY,
KFDR,
KFCM,"74.0"
KFAY,"61.0"
KFAT,"137.66666666666666"
KFAR,"57.333333333333336"
KEYE,"75.66666666666667"
KEWB,"67.0"
KEVW,"54.666666666666664"
KESF,"57.333333333333336"
KEQY,"75.0"
KEPH,"56.666666666666664"
KENW,"89.33333333333333"
KEMP,"52.333333333333336"
KELY,"34.666666666666664"
KELN,"66.66666666666667"
KELM,
KELD,"61.333333333333336"
KEET,"75.33333333333333"
KEEO,"57.333333333333336"
KECP,"58.333333333333336"
KDXR,"80.33333333333333"
KDWH,"93.33333333333333"
KDVT,"121.33333333333333"
KDVP,
KDUJ,"48.333333333333336"
KDTW,"84.66666666666667"
KDTS,"48.0"
KDTO,"89.0"
KDTN,"64.66666666666667"
KDRT,
KDRO,"77.0"
KDNL,"65.0"
KDMO,
KDMN,"35.666666666666664"
KDLS,"62.0"
KDLN,"72.33333333333333"
KDKK,"56.333333333333336"
KDHT,
KDHN,
KDGW,"70.66666666666667"
KDFW,"89.0"
KDFI,
KDEW,"74.33333333333333"
KDET,"84.66666666666667"
KDEQ,"59.666666666666664"
KDEN,"102.0"
KDCU,"57.666666666666664"
KDBQ,
KDAN,
KDAL,"89.0"
KDAB,"55.333333333333336"
KCYS,"59.666666666666664"
KCXO,"93.33333333333333"
KCUT,"62.0"
KCUB,"62.333333333333336"
KCSV,
KCSM,"28.666666666666668"
KCRS,"62.666666666666664"
KCRQ,"105.66666666666667"
KCRG,"64.66666666666667"
KCRE,"42.333333333333336"
KCQC,"81.33333333333333"
KCPS,"84.33333333333333"
KCPR,"56.333333333333336"
KCOT,
KCNY,"71.33333333333333"
KCNO,"178.0"
KCNM,"77.0"
KCMX,"35.333333333333336"
KCMI,"62.333333333333336"
KCLM,"60.666666666666664"
KCLL,
KCKB,"56.666666666666664"
KCHO,"55.666666666666664"
KCHA,"67.66666666666667"
KCGI,
KCEZ,"77.0"
KCEW,"48.0"
KCDW,"91.33333333333333"
KCDS,
KCDR,"55.0"
KCDC,"71.0"
KCCR,"78.66666666666667"
KCAG,"57.333333333333336"
KBYI,
KBYG,"63.0"
KBVY,"70.33333333333333"
KBVO,"73.66666666666667"
KBUR,"141.0"
KBTR,"75.66666666666667"
KBTM,"72.33333333333333"
KBTL,
KBRO,"65.0"
KBRL,
KBRD,"55.333333333333336"
KBPT,"69.33333333333333"
KBPK,
KBPI,"66.33333333333333"
KBOI,"85.33333333333333"
KBNO,
KBNA,"67.33333333333333"
KBMQ,"66.0"
KBMG,"62.0"
KBLI,"50.666666666666664"
KBKV,"66.66666666666667"
KBKE,"60.333333333333336"
KBIV,"68.33333333333333"
KBIL,"58.666666666666664"
KBHM,"75.33333333333333"
KBGR,"54.666666666666664"
KBGM,
KBFM,"61.333333333333336"
KBFF,"55.0"
KBFD,
KBEH,"68.33333333333333"
KBDE,"49.333333333333336"
KBCE,"71.0"
KBBW,"46.0"
KBAF,"63.333333333333336"
KAZO,"63.333333333333336"
KAXN,
KAWM,"69.0"
KAUS,"66.0"
KAUG,"46.0"
KATY,"55.333333333333336"
KASX,"56.333333333333336"
KASE,"75.0"
KASD,"67.33333333333333"
KARB,"64.33333333333333"
KARA,"65.33333333333333"
KAQP,
KAPF,"56.0"
KAPA,"102.0"
KAOO,"63.0"
KAOH,"58.666666666666664"
KANB,"58.5"
KAMW,"48.0"
KAMG,
KAMA,"63.0"
KALW,"59.333333333333336"
KALI,
KAKO,
KAIA,"55.0"
KAGS,"65.0"
KAGC,"89.0"
KAFW,"89.0"
KAEX,"57.333333333333336"
KADG,"63.666666666666664"
KACV,"58.666666666666664"
KABY,"63.0"
KABR,"52.666666666666664"
KAAF,"58.333333333333336"
K1J0,"53.333333333333336"
KVTN,
KTRM,"178.0"
KTOL,"65.66666666666667"
KTAN,"67.0"
KSUX,"60.0"
KSPS,
KSPI,"61.666666666666664"
KSMF,"114.33333333333333"
KSGF,"58.0"
KREO,
KRAP,"62.0"
KPYM,"70.33333333333333"
KPWK,"89.33333333333333"
KPPF,
KP69,"69.0"
KORE,"63.333333333333336"
KOMA,"67.0"
KOKC,"73.33333333333333"
KOKB,"105.66666666666667"
KNTD,"90.66666666666667"
KNRB,"64.66666666666667"
KNFW,"89.0"
KN60,"52.5"
KMWH,"56.666666666666664"
KMLI,"74.0"
KMLF,"71.0"
KMKE,"71.33333333333333"
KMHK,
KMFD,
KMEB,
KMDH,
KMBG,"52.666666666666664"
KLWC,
KIOW,"60.0"
KIJD,"60.333333333333336"
KIEN,"62.0"
KIAD,"80.0"
KHUT,
KHRL,"65.0"
KHIE,"62.0"
KFIT,"60.333333333333336"
KEST,
KDVN,"74.0"
KDPA,"89.33333333333333"
KDDC,"34.0"
KDCA,"80.0"
KCVG,"79.0"
KCQX,"47.333333333333336"
KCQT,"141.0"
KCNU,
KCLT,"75.0"
KCKV,"60.333333333333336"
KCID,"64.0"
KCFV,
KCDJ,"76.66666666666667"
KBML,"62.0"
KBLU,"114.33333333333333"
KBLH,"178.0"
KBLF,
KBIS,"58.333333333333336"
KBDR,"80.33333333333333"
KBAN,"93.66666666666667"
KATL,"84.66666666666667"
KARR,"89.33333333333333"
KAQW,"60.0"
KALS,"41.0"
KAFN,"56.666666666666664"
KABQ,"81.33333333333333"
KABI,
KYNG,"70.0"
KXWA,"52.666666666666664"
KVNY,"141.0"
KVCT,"44.0"
KTPL,"56.0"
KTEB,"91.33333333333333"
KSTL,"84.33333333333333"
KSNT,"85.33333333333333"
KSMX,"70.0"
KSMO,"141.0"
KSLK,"39.5"
KSJT,
KSBD,"178.0"
KSAT,"69.33333333333333"
KSAN,"105.66666666666667"
KSAD,
KROW,"45.0"
KRDU,"66.0"
KPWM,"58.0"
KPVD,"67.0"
KPIT,"89.0"
KPHX,"121.33333333333333"
KOXR,"90.66666666666667"
KOXC,"69.66666666666667"
KORF,"56.666666666666664"
KORD,"89.33333333333333"
KOCF,"57.0"
KNYC,"91.33333333333333"
KMYL,"85.33333333333333"
KMPV,
KLWB,
KLGU,"74.66666666666667"
KJCT,
KILG,"85.66666666666667"
KIGM,"36.0"
KHTS,"62.666666666666664"
KHDO,"69.33333333333333"
KGEU,"121.33333333333333"
KEWR,"91.33333333333333"
KERI,"61.333333333333336"
KELP,"83.66666666666667"
KEKN,
KDAW,"70.33333333333333"
KCSG,"66.0"
KCRP,"63.0"
KCON,"45.333333333333336"
KCMH,"67.33333333333333"
KCLE,"77.0"
KCAK,"65.66666666666667"
KBKW,
KBHK,"50.0"
KBGD,
KBED,"70.33333333333333"
KBDL,"69.0"
KBAZ,"69.33333333333333"
KAVX,"141.0"
KALB,"60.666666666666664"
KAHN,"61.0"
KACT,"54.333333333333336"
KABE,"76.66666666666667"
K6R6,
KVQQ,"64.66666666666667"
KTRK,"107.0"
KSCH,"60.666666666666664"
KRYY,"84.66666666666667"
KOMN,"55.333333333333336"
KOLV,"69.0"
KNQA,"69.0"
KLAL,"58.0"
KJWN,"67.33333333333333"
KJQF,"75.0"
KHXD,
KHQZ,"89.0"
KHOB,"69.66666666666667"
KGYI,
KFIN,"55.333333333333336"
KEVB,"55.333333333333336"
KESN,
KEFD,"93.33333333333333"
KDAG,"178.0"
KALN,"84.33333333333333"
KADM,"68.0"
K1YT,"83.66666666666667"
KWVI,"57.0"
KTVL,"114.33333333333333"
KSUA,"56.333333333333336"
KJDN,"58.666666666666664"
KIFP,"36.0"
KASG,"60.666666666666664"
KTZR,"67.33333333333333"
KTIX,"55.0"
KSEE,"105.66666666666667"
KRHV,"74.0"
KPOC,"141.0"
KPAO,"78.66666666666667"
KLBE,"89.0"
KHUM,"56.333333333333336"
KGYH,"64.0"
KFDK,"80.0"
KCWA,"50.0"
KCIC,"95.33333333333333"
KCHD,"121.33333333333333"
KBJC,"102.0"
KADS,"89.0"
KSAW,
KOUN,"73.33333333333333"
KCWF,"66.66666666666667"
KWDG,
KUES,"71.33333333333333"
KSWF,
KS71,"55.666666666666664"
KRYN,"79.33333333333333"
KPO1,"52.666666666666664"
KMWC,"71.33333333333333"
KMWA,
KMMU,"91.33333333333333"
KMER,"100.33333333333333"
KJVL,"57.666666666666664"
KGYY,"89.33333333333333"
KFMH,"47.333333333333336"
KEMT,"141.0"
KCGF,"77.0"
KATW,"60.333333333333336"
KANE,"74.0"
K3U3,"72.33333333333333"
K38S,"72.66666666666667"
K1S3,"58.666666666666664"
KNKX,"105.66666666666667"
KHLR,"56.0"
KAQV,
KMNE,
KPEZ,"69.33333333333333"
KHRF,"120.33333333333333"
KCII,"55.666666666666664"
KMMH,"137.66666666666666"
KNY0,
KGRF,"80.0"
KCVC,"84.66666666666667"
KADC,
KIKK,
KETH,
KZPH,"66.66666666666667"
KXNX,"67.33333333333333"
KXLL,"76.66666666666667"
KXBP,"89.0"
KX26,"49.0"
KWWR,
KWDR,"84.66666666666667"
KW99,
KW78,"62.333333333333336"
KW43,"65.0"
KW22,"56.666666666666664"
KVYS,
KVWU,"49.333333333333336"
KVVS,"89.0"
KVUJ,
KVTP,"48.0"
KVHN,"83.66666666666667"
KVDI,
KUYF,"67.33333333333333"
KUXL,"66.66666666666667"
KUVA,
KUSE,"65.66666666666667"
KUNI,"54.0"
KULS,
KUKL,"60.0"
KUKF,
KUCY,
KU69,"78.33333333333333"
KU68,"58.666666666666664"
KU55,"71.0"
KU52,"71.0"
KU42,"100.66666666666667"
KTYQ,"75.66666666666667"
KTYL,"64.0"
KTXW,"67.0"
KTVK,
KTVI,
KTTA,"62.0"
KTQK,
KTQH,"49.0"
KTOC,
KTMA,
KTIP,"62.333333333333336"
KTIF,
KTHA,
KTFP,"63.0"
KTEX,"54.333333333333336"
KTDF,"62.333333333333336"
KTBR,
KTAZ,
KT89,"69.33333333333333"
KT82,
KT78,"93.33333333333333"
KT74,"66.0"
KT41,"93.33333333333333"
KT35,"54.333333333333336"
KT20,"66.0"
KSZY,"54.666666666666664"
KSZT,"62.333333333333336"
KSYI,
KSYF,
KSWW,
KSTK,
KSTE,
KSRE,
KSRB,"56.0"
KSPK,"88.33333333333333"
KSOA,
KSNL,
KSNH,"53.0"
KSME,"55.333333333333336"
KSMD,"67.0"
KSLR,
KSLO,
KSLH,"55.333333333333336"
KSJS,"62.666666666666664"
KSHD,
KSFY,"70.33333333333333"
KSEZ,
KSEP,
KSEM,
KSEF,"46.333333333333336"
KSCX,"72.66666666666667"
KSCD,"58.5"
KSBS,"29.0"
KSBO,
KSAR,"84.33333333333333"
KSAA,"70.66666666666667"
KS52,"66.66666666666667"
KS39,"70.0"
KS33,"62.0"
KRZR,
KRZL,"89.33333333333333"
KRYW,"66.0"
KRWV,
KRVJ,
KRVF,"72.33333333333333"
KRTS,"78.0"
KRSV,"67.33333333333333"
KRSN,
KRQO,"73.33333333333333"
KRPJ,
KRNC,
KRLD,"66.0"
KRKW,"72.66666666666667"
KRKR,"55.333333333333336"
KRGA,"56.5"
KREG,"75.66666666666667"
KRCV,"24.0"
KRCR,
KRCE,"73.33333333333333"
KRBO,"63.0"
KPYX,
KPXE,"60.666666666666664"
KPVW,
KPVJ,"73.33333333333333"
KPVE,"54.666666666666664"
KPUJ,"84.66666666666667"
KPTT,
KPTD,
KPSO,"66.0"
KPSN,
KPRS,"83.66666666666667"
KPRG,"67.33333333333333"
KPPQ,
KPPO,"62.333333333333336"
KPPA,
KPOY,"58.666666666666664"
KPNT,
KPNM,"74.0"
KPMV,"67.0"
KPMU,
KPLU,"80.0"
KPKV,
KPEQ,
KPCW,"65.66666666666667"
KPCM,"66.66666666666667"
KPBX,"62.666666666666664"
KOZA,
KOYM,"48.333333333333336"
KOXI,"62.333333333333336"
KOWX,
KOWP,"73.66666666666667"
KOWI,
KOSA,
KORK,"64.66666666666667"
KORG,"69.33333333333333"
KOPN,
KOPL,
KONP,
KONL,
KOLY,"55.333333333333336"
KOKZ,
KOKM,"73.66666666666667"
KOJA,"28.666666666666668"
KOGS,
KOGA,
KOCW,
KOBE,
KOAR,"56.666666666666664"
KO69,"56.0"
KO05,"93.66666666666667"
KNUQ,"74.0"
KNRN,"46.0"
KMZZ,
KMYZ,
KMWO,"79.0"
KMVH,"58.666666666666664"
KMTV,
KMRC,"67.33333333333333"
KMQS,"85.66666666666667"
KMQB,
KMOR,"65.33333333333333"
KMNZ,"56.0"
KMNV,"58.0"
KMNH,"102.0"
KMMI,"58.0"
KMLE,"67.0"
KMKN,
KMHR,"114.33333333333333"
KMHP,
KMGR,
KMGC,"62.333333333333336"
KMEZ,"55.333333333333336"
KMEV,"59.0"
KMDQ,"57.666666666666664"
KMDD,
KMCC,"114.33333333333333"
KMBT,"67.33333333333333"
KM75,"58.666666666666664"
KM54,"67.33333333333333"
KM30,"64.66666666666667"
KM08,"69.0"
KM04,"69.0"
KM02,"67.33333333333333"
KLZZ,"56.0"
KLYO,
KLXY,"62.666666666666664"
KLXN,"46.0"
KLXL,"56.0"
KLVN,"74.0"
KLUX,"64.0"
KLUV,
KLUL,
KLUG,
KLUD,"89.0"
KLUA,"80.0"
KLOT,"89.33333333333333"
KLOM,"85.66666666666667"
KLNN,"77.0"
KLNC,"89.0"
KLNA,"69.33333333333333"
KLHM,"114.33333333333333"
KLGC,
KLCQ,"59.333333333333336"
KLCG,"60.0"
KLAM,"26.333333333333332"
KL35,"178.0"
KKNB,"69.66666666666667"
KK88,"76.66666666666667"
KK82,
KK62,"79.0"
KJZP,"84.66666666666667"
KJYR,"53.333333333333336"
KJYL,
KJYG,
KJWY,"89.0"
KJWG,"73.33333333333333"
KJVY,"77.0"
KJSV,"55.333333333333336"
KJOT,"89.33333333333333"
KJES,
KJDD,"50.333333333333336"
KJCA,
KJAU,"72.66666666666667"
KJAS,
KIZA,"70.0"
KIYA,"65.33333333333333"
KIOB,
KINJ,"89.0"
KIMM,"56.0"
KIKG,"62.666666666666664"
KIJX,
KIIY,"61.0"
KIGQ,"89.33333333333333"
KIER,
KIDP,
KIBM,"79.0"
KI74,
KI63,"50.666666666666664"
KI35,"52.0"
KI19,
KI16,
KHZR,"75.66666666666667"
KHZD,
KHVE,"70.33333333333333"
KHTH,"59.0"
KHSD,"73.33333333333333"
KHSB,
KHRX,
KHQU,"65.0"
KHQG,
KHPT,"31.0"
KHOE,"53.333333333333336"
KHNZ,"62.333333333333336"
KHMT,"178.0"
KHMP,"84.66666666666667"
KHLB,"79.0"
KHJH,
KHII,"36.0"
KHHW,
KHHG,"53.333333333333336"
KHHF,
KHFJ,"52.0"
KHEQ,
KHDE,
KHCR,
KHBV,
KGZS,"54.666666666666664"
KGYB,"66.0"
KGWB,
KGVT,"89.0"
KGVE,"55.666666666666664"
KGRN,"62.0"
KGPC,"75.66666666666667"
KGOP,"56.0"
KGOO,"107.0"
KGNG,"57.0"
KGNC,
KGNB,"76.0"
KGMJ,"63.0"
KGLW,
KGLE,
KGKT,"61.0"
KGIC,"69.0"
KGHG,"70.33333333333333"
KGGP,
KGDJ,
KGCY,
KGCM,"73.66666666666667"
KGCD,"70.0"
KGBG,
KFZG,
KFYJ,"64.0"
KFYE,"69.0"
KFWC,"62.0"
KFTN,"66.33333333333333"
KFSE,
KFPY,"63.666666666666664"
KFOT,"58.666666666666664"
KFOA,
KFMM,
KFLY,"75.0"
KFKR,
KFHB,"64.66666666666667"
KFGX,
KFET,
KFBR,"54.666666666666664"
KF70,"178.0"
KF46,"89.0"
KF44,
KF17,"64.66666666666667"
KF05,
KF00,
KEZZ,"76.66666666666667"
KEZM,
KEXX,"68.0"
KETN,
KETC,"56.333333333333336"
KERV,
KEQA,"62.0"
KEOE,
KENL,
KEMV,"56.666666666666664"
KELK,
KELA,
KEKS,"62.666666666666664"
KEIK,"79.0"
KEHY,"70.66666666666667"
KEHO,
KEHA,
KEDU,"114.33333333333333"
KEDN,
KEDC,"66.0"
KECU,
KECS,"65.0"
KEBG,"67.0"
KE42,
KE41,
KE38,
KE16,"74.0"
KDZJ,
KDZB,
KDWX,"57.333333333333336"
KDWA,"114.33333333333333"
KDVO,"78.66666666666667"
KDVK,
KDUX,
KDUC,
KDUB,"64.66666666666667"
KDUA,"54.5"
KDTA,"88.33333333333333"
KDRI,
KDQH,"53.333333333333336"
KDPL,
KDNV,
KDNN,"55.333333333333336"
KDMW,"81.66666666666667"
KDLZ,"67.33333333333333"
KDLO,"139.33333333333334"
KDKR,
KDKB,"89.33333333333333"
KDCY,
KDCM,"75.0"
KDBN,
KD73,"84.66666666666667"
KCZL,
KCXW,"64.66666666666667"
KCXP,"62.0"
KCWV,
KCWC,
KCUL,"69.0"
KCUH,
KCTY,"54.666666666666664"
KCRX,
KCQM,"56.333333333333336"
KCPU,"93.66666666666667"
KCOM,
KCNI,"84.66666666666667"
KCMD,
KCLK,"28.666666666666668"
KCKF,
KCKC,"56.333333333333336"
KCIR,
KCHK,"73.33333333333333"
KCFD,
KCEY,
KCCU,
KCCO,"84.66666666666667"
KCBK,
KCBE,
KC99,"102.0"
KC83,"78.66666666666667"
KC75,"65.0"
KC65,
KC09,"89.33333333333333"
KC07,"29.0"
KBYY,
KBXA,
KBWD,
KBVS,"51.0"
KBVN,
KBUU,"79.33333333333333"
KBTA,"67.0"
KBQK,"52.0"
KBPG,
KBPC,
KBMC,"96.0"
KBKD,
KBJI,"49.333333333333336"
KBIJ,"53.333333333333336"
KBIE,
KBHC,"53.333333333333336"
KBGF,
KBGE,
KBEC,"62.0"
KBDU,"76.0"
KBDN,"66.0"
KBDG,"54.333333333333336"
KBBD,
KBAM,
KAZE,
KAZC,"36.0"
KAYS,
KAXX,"41.0"
KAXS,
KAXH,"93.33333333333333"
KAVQ,"79.33333333333333"
KAVK,
KAUN,"114.33333333333333"
KAUH,"51.666666666666664"
KASW,
KASN,"58.5"
KASL,"49.0"
KARM,
KAQO,
KAPY,
KAPS,"67.33333333333333"
KANW,
KANK,"24.0"
KALX,
KAJZ,"54.333333333333336"
KAJR,
KAJG,"55.0"
KAHQ,"67.0"
KAFK,"67.0"
KAEL,
KAEJ,"102.0"
KADH,
KACP,"57.333333333333336"
KACJ,"50.333333333333336"
KAAS,
KAAA,
K9V9,
K9D7,"52.5"
K9A5,"67.66666666666667"
K8A0,
K82V,"59.666666666666664"
K81R,"56.0"
K7W4,"64.0"
K7BM,"102.0"
K6S0,"58.666666666666664"
K6R3,"93.33333333333333"
K6I2,
K6A2,"84.66666666666667"
K6A1,"63.0"
K66R,"93.33333333333333"
K5SM,"75.0"
K5R8,"66.66666666666667"
K5M9,"64.66666666666667"
K5C1,"69.33333333333333"
K5A6,
K57C,"56.333333333333336"
K54A,
K4V1,"48.0"
K4V0,"57.333333333333336"
K4S2,
K4S1,
K4O4,"59.666666666666664"
K4I3,"59.333333333333336"
K4F2,"49.0"
K4BM,"102.0"
K4A9,"54.666666666666664"
K49A,"84.66666666666667"
K48A,
K46U,"60.0"
K3T5,"66.0"
K3S8,"83.66666666666667"
K3R7,
K3LF,"84.33333333333333"
K3K8,"34.0"
K3K3,
K3J7,"61.0"
K3I2,
K3F3,"64.66666666666667"
K33V,"90.33333333333333"
K33N,"60.333333333333336"
K2V5,
K2R9,
K2M2,"54.666666666666664"
K2J5,"65.0"
K2J3,"65.0"
K2IS,
K2I0,
K2G9,"48.0"
K2A0,
K20V,
K1V6,"24.0"
K1U7,"74.66666666666667"
K1R8,"55.0"
K1M5,"67.33333333333333"
K1K1,"62.0"
K1H2,"55.333333333333336"
K1F0,"68.0"
K1A9,"66.0"
K1A6,"52.0"
K19S,
K17J,
K13K,"62.0"
K11R,
K0R4,
K0R0,"59.666666666666664"
K0J6,"53.333333333333336"
K0F2,"89.0"
K0CO,"102.0"
K0A9,
K0A0,"95.66666666666667"
K06C,"89.33333333333333"
K05U,"47.666666666666664"
K04V,"24.0"
K00U,"58.666666666666664"
KLMO,"76.0"
KCVB,"69.33333333333333"
K2V6,
KPAM,"58.333333333333336"
KCDD,"56.333333333333336"
KMHS,"80.66666666666667"
KCPW,"66.0"
KVES,
KVCV,"178.0"
KTNB,
KTMT,"63.0"
KTMK,"71.0"
KPWD,"52.666666666666664"
KPNA,"64.66666666666667"
KP08,"121.33333333333333"
KO86,"80.66666666666667"
KJTC,"64.0"
KHSG,"64.66666666666667"
KHMZ,"48.0"
KH71,"73.66666666666667"
KFEP,
KEMM,"54.666666666666664"
KEAN,"70.66666666666667"
KDED,"55.333333333333336"
KCZT,"58.333333333333336"
KCQB,"73.33333333333333"
KBMT,"69.33333333333333"
KAFO,"60.0"
KADT,
K65S,"62.333333333333336"
K63S,"74.33333333333333"
K5T9,"58.333333333333336"
K3AU,"62.0"
K18A,"61.0"
KATT,"66.0"
KSLE,"59.666666666666664"
KF45,"69.33333333333333"
KBAB,"93.66666666666667"
KMHV,"139.33333333333334"
KM91,"67.33333333333333"
KGZN,
KTCM,"80.0"
KSXT,"83.66666666666667"
K40B,"54.666666666666664"
KOMK,"66.66666666666667"
KMDS,"59.333333333333336"
KLHB,
KA39,"121.33333333333333"
KGRK,"56.0"
KEDW,"139.33333333333334"
KMYV,"93.66666666666667"
KINW,"64.0"
KCTB,"65.66666666666667"
KCEC,"55.333333333333336"
KHIF,"96.0"
KRPX,"58.666666666666664"
KWHP,"141.0"
KNEL,"91.33333333333333"
KNOZ,"76.66666666666667"
KNGU,"56.666666666666664"
KMWN,"62.0"
KVBG,"70.0"
KT70,"58.333333333333336"
KSXS,
KSUU,"69.0"
KSLI,"141.0"
KSKA,"74.33333333333333"
KSEQ,"69.33333333333333"
KROG,"60.666666666666664"
KRIV,"178.0"
KPRN,"66.0"
KPOE,
KMUO,
KMRH,"47.333333333333336"
KMEI,"49.0"
KLUF,"121.33333333333333"
KLSV,"99.33333333333333"
KLOR,
KLGF,"76.66666666666667"
KINS,"99.33333333333333"
KHUA,"57.666666666666664"
KHMN,
KHEY,
KGXF,"121.33333333333333"
KGUR,"70.66666666666667"
KGOV,"56.333333333333336"
KGFA,"55.666666666666664"
KFHU,"65.0"
KFEW,"59.666666666666664"
KFCS,"75.0"
KEUF,
KDMA,"79.33333333333333"
KCVS,
KCMY,"59.333333333333336"
KBYS,"178.0"
KBKF,"102.0"
KBIF,"83.66666666666667"
KAPG,"81.66666666666667"
KAFF,"75.0"
KABH,"75.0"
K9L2,"139.33333333333334"
K1OM,"58.666666666666664"
K1NW,"79.0"
K1NM,"58.666666666666664"
K1MW,
K1MM,"55.666666666666664"
K1LW,"79.0"
K1KW,
K1KM,"58.666666666666664"
K1JW,
K1JM,"55.666666666666664"
K1IW,
K1IM,"55.666666666666664"
K1HW,
K1GM,"72.66666666666667"
K1FM,"72.66666666666667"
K1EW,"59.666666666666664"
K1EM,"55.666666666666664"
K1DM,"55.666666666666664"
K1CW,"55.0"
K1BW,"55.0"
K1AW,"59.666666666666664"
K1AM,"55.666666666666664"
K0J4,"48.0"
KNYL,"76.66666666666667"
KFLG,"69.66666666666667"
KWRI,"85.66666666666667"
KWRB,"60.666666666666664"
KWMC,
KWJF,"141.0"
KVPZ,"89.33333333333333"
KVOK,"59.0"
KTPH,"34.666666666666664"
KSZL,
KSPD,
KSKF,"69.33333333333333"
KSHV,"64.66666666666667"
KSFO,"78.66666666666667"
KSDF,"77.0"
KSBP,"81.0"
KRND,"69.33333333333333"
KRDR,
KRDM,"66.0"
KPSM,"70.33333333333333"
KP28,
KOFK,
KOFF,"67.0"
KNXP,"178.0"
KNXF,"105.66666666666667"
KNSE,"61.666666666666664"
KNQI,"62.666666666666664"
KNPA,"61.666666666666664"
KNOG,
KNKT,
KNGP,"63.0"
KNDZ,"61.666666666666664"
KNBT,"47.333333333333336"
KMUI,"70.66666666666667"
KMTC,"84.66666666666667"
KMOB,"61.333333333333336"
KMMT,"62.333333333333336"
KMIB,"52.5"
KMGE,"84.66666666666667"
KMDT,"69.0"
KLWS,"69.0"
KLNR,"59.0"
KLFI,"56.666666666666664"
KLAS,"99.33333333333333"
KJXN,
KJMS,"26.0"
KJAX,"64.66666666666667"
KISO,"50.666666666666664"
KHYA,"47.333333333333336"
KHRT,"48.0"
KHPN,"80.33333333333333"
KHFF,
KGTB,"47.0"
KGSB,
KGRD,"41.0"
KGON,"57.666666666666664"
KGNR,"54.666666666666664"
KFTK,"64.0"
KFSI,"61.333333333333336"
KFSD,"59.333333333333336"
KFRM,
KFRI,
KFFO,
KFAF,"56.666666666666664"
KEKO,"47.666666666666664"
KEED,"178.0"
KEAU,"59.666666666666664"
KDYS,
KDOV,"60.333333333333336"
KDIK,"50.0"
KDAY,
KDAA,"80.0"
KD07,"62.0"
KCXY,"66.66666666666667"
KCHS,"57.666666666666664"
KCEF,"63.333333333333336"
KCAE,"62.333333333333336"
KBZN,"62.666666666666664"
KBJJ,
KBIH,"137.66666666666666"
KART,"47.0"
KAND,"64.0"
KADW,"80.0"
K2WX,"62.0"
KTHM,"65.66666666666667"
KSUN,"56.333333333333336"
KP58,"55.333333333333336"
KNBG,"67.33333333333333"
KLCK,"67.33333333333333"
KJKA,"55.0"
KCNW,"54.333333333333336"
K9S5,"62.666666666666664"
K9S2,"52.666666666666664"
KSJN,
KMIV,"60.333333333333336"
KAKH,"75.0"
KPEO,"61.333333333333336"
KOQT,"72.66666666666667"
KMPO,"58.333333333333336"
KMCE,"100.33333333333333"
KIML,
KHVN,"69.66666666666667"
KHJO,"118.0"
KDRA,"34.666666666666664"
KBFI,"80.0"
KBCT,"69.33333333333333"
KNZY,"105.66666666666667"
KNHK,
KEKM,"64.66666666666667"
KSQL,"78.66666666666667"
KGDP,"83.66666666666667"
KFWS,"89.0"
KIWA,"121.33333333333333"
KHSA,"61.0"
KGPM,"89.0"
KBAK,"62.333333333333336"
KTOA,"141.0"
KGYR,"121.33333333333333"
KCFO,"102.0"
KAEG,"81.33333333333333"
KBOW,"58.0"
KBBG,"52.0"
,"57.666666666666664"
,"84.66666666666667"
,"47.0"
,
,"64.33333333333333"
,"66.66666666666667"
,
,
,"91.33333333333333"
,"141.0"
,"69.33333333333333"
,"85.66666666666667"
,"85.66666666666667"
,
,"56.0"
,"91.33333333333333"
,"70.33333333333333"
,"70.33333333333333"
,
,"60.666666666666664"
,"64.66666666666667"
,"66.66666666666667"
,"64.66666666666667"
,"67.0"
,"81.66666666666667"
,
,"67.33333333333333"
,"47.333333333333336"
,
,"67.33333333333333"
,"58.0"
,"55.333333333333336"
,"54.666666666666664"
,
,"85.66666666666667"
,"65.0"
,"47.333333333333336"
,"57.666666666666664"
,"56.666666666666664"
,"66.66666666666667"
,"84.66666666666667"
,
,"89.33333333333333"
,
,"77.0"
,"89.33333333333333"
,"69.0"
,"56.666666666666664"
,"64.66666666666667"
,"60.333333333333336"
,"55.333333333333336"
,"56.333333333333336"
,"66.66666666666667"
,"56.666666666666664"
,
,"93.33333333333333"
,"67.0"
,"59.0"
,"93.33333333333333"
,
,"64.66666666666667"
,"67.0"
,"78.66666666666667"
,
,"62.333333333333336"
,"35.333333333333336"
,"61.0"
,"93.33333333333333"
,"35.333333333333336"
,"55.333333333333336"
,"58.666666666666664"
,"69.33333333333333"
,"93.33333333333333"
,"84.66666666666667"
,
,"89.33333333333333"
,"69.33333333333333"
,"57.333333333333336"
,"64.66666666666667"
,"35.333333333333336"
,"89.33333333333333"
,"55.333333333333336"
,"56.666666666666664"
,"62.333333333333336"
,"60.666666666666664"
,
,"66.66666666666667"
,"55.333333333333336"
,"62.333333333333336"
,
,"53.333333333333336"
,
,
,
,"64.66666666666667"
,"55.333333333333336"
,
,"55.333333333333336"
,
,"52.666666666666664"
,"61.333333333333336"
,"84.66666666666667"
,"61.333333333333336"
,
,"69.33333333333333"
,"56.666666666666664"
,"93.33333333333333"
,"63.0"
,"91.33333333333333"
,"71.33333333333333"
,"56.666666666666664"
,"85.66666666666667"
,"64.66666666666667"
,"78.66666666666667"
,"55.333333333333336"
,"85.66666666666667"
,"80.0"
,"93.33333333333333"
,"60.666666666666664"
,"64.66666666666667"
,"65.0"
,"28.333333333333332"
,"57.666666666666664"
,"56.0"
,
,
,"63.0"
,"67.33333333333333"
,
,
,"61.333333333333336"
,"61.0"
,"141.0"
,"89.33333333333333"
,
,"55.333333333333336"
,
,"51.0"
,"61.666666666666664"
,"78.66666666666667"
,"69.33333333333333"
,"85.66666666666667"
,"67.33333333333333"
,"60.0"
,"56.333333333333336"
,"78.66666666666667"
,"78.66666666666667"
,"84.66666666666667"
,"67.33333333333333"
,"141.0"
,"70.0"
,"65.0"
,
,"71.33333333333333"
,"141.0"
,"78.66666666666667"
,"78.66666666666667"
,"55.333333333333336"
,
,"61.333333333333336"
,"85.66666666666667"
,"56.0"
,"78.66666666666667"
,"64.66666666666667"
,"52.0"
,
,"105.66666666666667"
,"91.33333333333333"
,
,"69.0"
,
,"63.666666666666664"
,"80.0"
,"56.333333333333336"
,
,"69.33333333333333"
,"56.666666666666664"
,"63.0"
,"69.33333333333333"
,"80.0"
,
,"65.66666666666667"
,"78.66666666666667"
,"105.66666666666667"
,
,
,"63.0"
,"66.66666666666667"
,
,"55.0"
,"69.33333333333333"
,"63.0"
,"80.0"
,"62.333333333333336"
,"47.333333333333336"
,"55.0"
,"58.0"
,"55.333333333333336"
,"89.33333333333333"
,
,"55.0"
,"52.666666666666664"
,"55.333333333333336"
,
