ICAO,PRISM_ScienceHubEntry â€” Complete_PRISM_mean
KYKN,1.862334
KY50,1.718283
KXNO,1.560944
KWWD,5.289652
KWVL,2.072903
KVPS,2.651339
KVIS,3.643821
KVBT,2.812337
KVAD,3.027543
KUDG,2.872030
KUCP,2.705970
KTVF,2.376121
KTTS,2.962045
KTIK,3.588095
KTDR,2.216400
KTBN,2.495087
KSVN,5.181392
KSUE,1.543371
KSSC,2.938610
KSRC,3.510309
KSQI,2.660069
KSOP,2.430453
KSMP,2.507116
KSMN,3.909503
KSLG,2.812337
KSKX,3.836152
KSGU,2.278045
KSGT,2.812914
KSGJ,3.419605
KSGH,2.310335
KSFZ,2.566344
KSFM,2.278255
KSDY,3.460966
KRYM,2.426983
KRUT,1.897518
KRKD,1.256902
KRCA,4.633958
KPWT,1.799021
KPWG,2.538597
KPVU,2.417867
KPVG,3.448374
KPVC,2.671179
KPTV,3.643821
KPTN,5.538144
KPRX,2.063436
KPQI,3.055030
KPOB,1.581115
KPIB,3.333000
KP60,2.598346
KOZR,2.446775
KOWB,3.374598
KOTH,3.846354
KOTG,2.121919
KOLU,2.288929
KOKK,2.322030
KOCH,1.452093
KOAJ,2.503288
KNTU,2.353356
KNMM,2.940466
KNLC,5.409051
KNJK,4.217214
KNID,4.766168
KNFL,4.464831
KNFE,3.448374
KNCA,2.503288
KNBC,2.489800
KMYR,2.642084
KMXF,2.877635
KMVN,2.934444
KMTW,1.849606
KMSV,1.999130
KMRF,2.783053
KMQY,2.676818
KMNM,3.591984
KMML,1.744591
KMKY,3.649771
KMKT,2.601072
KMEH,1.986085
KMCF,3.348326
KMBL,2.536424
KM19,3.837362
KLZU,4.139933
KLTS,3.808088
KLSF,1.875125
KLRF,5.865970
KLRD,2.229638
KLPC,5.150888
KLHW,3.761779
KLGD,1.273303
KLEW,2.595920
KLCI,2.754108
KLBL,3.082021
KKLS,3.105316
KJHW,3.077800
KJAC,2.598346
KIWD,2.196867
KITH,1.581100
KISM,1.531394
KILE,4.168131
KIAB,3.738024
KHYS,3.359443
KHYI,2.857305
KHST,4.174076
KHOP,2.730366
KHND,5.847352
KHNB,2.704042
KHEZ,2.812757
KHEF,2.460693
KHDN,3.188678
KGXY,4.558957
KGVQ,1.303970
KGUS,2.214141
KGUC,3.138322
KGTU,3.344214
KGTR,3.214345
KGPZ,2.929491
KGNA,3.002933
KGDV,2.997439
KGBD,3.186059
KGAI,3.027266
KGAD,3.027288
KFOD,2.976512
KFNL,3.334273
KFLP,2.876804
KFKL,1.799036
KFCI,3.492291
KFBG,1.581115
KFAM,3.081474
KEWK,2.723124
KEUL,3.132543
KESC,2.835281
KENV,4.928913
KEND,2.104950
KELZ,1.960494
KEKY,3.786108
KEHR,2.726764
KEGI,2.651339
KEGE,3.522893
KEEN,2.805893
KEAR,3.337207
KDYR,3.209953
KDWU,3.188227
KDVL,1.599772
KDLF,3.360574
KDIJ,3.266736
KCWI,2.770971
KCVO,4.290023
KCVN,2.963592
KCOF,2.962045
KCOE,2.476682
KCOD,1.491695
KCIU,3.398072
KCGZ,2.743896
KCBM,3.214345
KBVX,3.397473
KBTP,2.955975
KBOK,2.910549
KBMI,1.882564
KBLV,3.819395
KBLM,2.882694
KBKX,1.671367
KBHB,2.237095
KBAD,3.465287
KAWO,1.882562
KAUO,3.368511
KASH,1.632620
KARG,4.752322
KALK,3.123048
KAJO,5.734788
KAIZ,2.495749
KAFJ,1.690498
KADF,2.769572
K8D3,1.411469
K7N0,5.891364
K2DP,4.137109
K1M4,2.734891
KY70,2.138123
KY63,2.104844
KY51,1.298517
KY49,2.786323
KY31,1.845611
KY23,2.751007
KY19,3.466157
KXSA,2.065915
KX60,4.086775
KX07,3.136944
KW96,1.730519
KW81,1.567660
KW75,2.703489
KW63,2.159846
KW31,2.299858
KW13,1.786071
KVVV,2.515648
KVTI,2.554995
KVNW,1.270384
KVNC,3.340048
KVLL,2.671431
KVKS,2.570686
KVJI,3.291002
KVGC,1.044219
KVER,2.253497
KVDF,3.348326
KVBW,3.180507
KUTA,3.072954
KUOX,2.923671
KUNU,2.863177
KULM,2.604737
KUKT,2.680052
KUGN,3.374413
KUBE,2.751007
KTWT,3.150915
KTWM,2.925598
KTVY,4.928913
KTTF,2.798439
KTSP,4.766168
KTOB,2.516575
KTNU,2.784694
KTME,1.182135
KTKX,2.709088
KTKV,1.669485
KTKC,1.744591
KTIW,2.756086
KTEW,1.920179
KTCY,4.411942
KT69,1.273268
KSYN,3.089587
KSYM,2.563441
KSXU,3.732602
KSXK,2.025377
KSVH,2.793330
KSVE,4.394147
KSVC,3.592161
KSUZ,2.380155
KSUW,2.244337
KSUT,3.094195
KSRR,3.485539
KSPF,1.781434
KSPA,3.278959
KSOW,3.153195
KSNK,2.850850
KSNC,2.563309
KSMS,2.938610
KSLB,2.150391
KSJX,2.925199
KSIK,3.898453
KSIF,1.494602
KSHL,1.628709
KSGS,3.357051
KSFQ,1.356267
KSDC,1.386447
KSDA,2.629267
KSCR,1.092558
KSCK,4.411942
KSAZ,2.995830
KS32,1.518760
KS25,2.103911
KRZT,1.734363
KRZN,1.846795
KRYV,1.118782
KRVL,1.971799
KRUQ,1.899962
KRUG,1.636901
KRRT,2.710196
KRRL,1.669485
KRQB,1.592319
KRPH,4.142078
KRPD,2.751007
KROX,2.710196
KROS,2.590571
KRNP,1.818024
KRNO,5.725387
KRNH,2.038862
KRMY,2.342832
KRMN,3.668790
KRID,2.338690
KRHP,1.829312
KRGK,1.501019
KRFI,2.612466
KRDK,2.815428
KRCZ,1.095516
KRCX,1.380840
KRCM,2.281542
KRBW,4.662483
KRAW,2.787262
KPZQ,2.437159
KPWC,2.786323
KPVF,4.142458
KPVB,2.273473
KPTB,2.024619
KPSK,3.118728
KPRO,2.544431
KPQN,1.808236
KPOV,0.872461
KPMH,1.248609
KPLR,3.147908
KPJC,1.867823
KPHP,4.339592
KPGV,1.567712
KPEX,3.349690
KPEA,2.360489
KPDC,0.560024
KPCZ,1.578523
KPCD,3.405308
KPBH,1.446410
KPAN,2.804248
KOZW,2.028700
KOZS,2.673241
KOXV,2.360489
KOXD,1.105881
KOVL,3.362829
KOSC,2.151447
KOQN,2.077666
KOOA,2.590495
KONZ,2.048642
KONM,2.792508
KONA,2.784110
KOMH,1.899057
KOLZ,2.097848
KOLG,2.244337
KOLE,1.963558
KOKV,0.905900
KOIN,2.763973
KOIC,1.820972
KOEO,1.741225
KOEL,3.389292
KOEB,2.655837
KOCQ,1.544382
KO22,4.916161
KNFG,3.103391
KN38,0.969147
KN03,2.239157
KMZJ,2.743896
KMZH,3.955928
KMYJ,2.711654
KMXO,2.660020
KMWM,2.865888
KMWK,2.375086
KMVE,2.818863
KMUT,2.539553
KMTN,3.122312
KMRT,1.911838
KMRN,1.817121
KMPZ,2.348580
KMOX,2.249966
KMOP,1.444744
KMNI,1.297106
KMKS,3.411872
KMKJ,3.185267
KMKG,2.188880
KMJQ,1.841599
KMHL,2.564325
KMGN,1.326732
KMFV,2.616223
KMDZ,1.771665
KMCJ,3.105192
KMBY,3.538785
KMBO,2.442382
KMAW,2.709088
KMAO,2.334999
KMAN,3.132543
KM40,3.056101
KM21,2.655459
KLYV,1.981098
KLWA,2.526303
KLVL,1.908735
KLUM,1.006873
KLRY,1.940998
KLRU,4.544208
KLRO,3.915377
KLRJ,2.213341
KLQK,3.429718
KLNP,2.640633
KLNL,1.146044
KLLJ,4.439665
KLKR,2.233902
KLJF,2.519514
KLIC,3.904122
KLHZ,1.392999
KLDM,1.901503
KLDJ,2.504223
KLBO,2.386851
KL52,5.104944
KL18,3.103391
KL08,3.103391
KKY8,2.989310
KJZI,3.915377
KJYO,1.423462
KJYM,1.989265
KJXI,2.316535
KJVW,3.374036
KJSO,2.971736
KJNX,2.192708
KJMR,2.144543
KJKJ,2.142703
KJHN,2.392972
KJGG,0.970374
KJFZ,2.918404
KJFX,3.867913
KJAQ,4.169631
KIXA,2.449860
KIUA,1.389073
KISQ,3.634197
KIRS,2.521641
KIRK,2.450566
KIPJ,1.982915
KINF,2.648530
KIMS,2.616656
KIKW,1.777534
KIKV,3.299117
KIIB,2.317398
KIFA,2.090626
KIDI,2.163210
KICL,2.265334
KI75,1.942910
KI69,2.428172
KI68,1.988483
KI67,0.972280
KI43,1.547621
KI23,2.294135
KHZX,3.075384
KHZL,2.994671
KHZE,2.493843
KHYX,1.686972
KHYW,2.642084
KHWY,1.953714
KHVS,2.872030
KHRJ,2.611958
KHON,2.079124
KHNR,2.141352
KHLX,1.226351
KHFY,2.638732
KHEG,2.068974
KHCO,3.643982
KHCD,2.180865
KHBI,2.430915
KHAI,2.521641
KHAF,4.116667
KHAE,2.976980
KGZL,2.792830
KGYL,2.180865
KGWW,2.542828
KGWR,1.951961
KGPI,2.718208
KGPH,3.018405
KGNT,2.951852
KGLY,2.659404
KGHW,2.405910
KGGI,2.339355
KGGE,2.671614
KGEV,2.049395
KGDB,2.300715
KGAF,1.947097
KFYG,1.900727
KFXY,1.957669
KFWB,3.006329
KFVX,2.150510
KFSW,2.470773
KFSO,1.998535
KFRR,2.245460
KFRH,2.509731
KFQD,2.756981
KFPK,1.982317
KFKS,2.862226
KFKN,1.971949
KFKA,2.633959
KFGN,3.626274
KFFX,1.637598
KFFM,3.185626
KFFL,2.542408
KFFA,4.137109
KFBL,2.679849
KEZS,1.326184
KEZF,3.723068
KEYF,2.399211
KEVU,2.403884
KEVM,3.649485
KETB,1.745317
KERY,2.910836
KEOK,2.470773
KELO,3.649485
KEKX,2.656258
KEGV,1.146044
KEFT,1.814631
KEFK,1.759897
KEDJ,0.882838
KEDE,1.034313
KEBS,2.052950
KEAT,2.536400
KDYT,
KDYB,4.125365
KDYA,3.697804
KDXX,2.033168
KDUH,2.798439
KDTL,2.707955
KDRM,3.398072
KDNS,2.426218
KDNA,4.544208
KDLL,0.892491
KDLH,3.649485
KDEH,2.157872
KD95,1.779868
KD60,1.741845
KD57,3.466157
KD55,1.603403
KD50,2.023255
KD39,3.349690
KD25,1.146044
KCXE,2.159846
KCVX,2.925199
KCVH,4.175650
KCTZ,2.369238
KCSQ,2.763542
KCQW,2.472719
KCPT,3.279642
KCPK,3.448374
KCPF,3.555006
KCPC,1.563598
KCOQ,3.955928
KCNK,2.390997
KCNC,1.771420
KCNB,2.300715
KCMR,2.882162
KCMA,4.904201
KCLW,3.081703
KCLS,1.482221
KCLI,1.578523
KCKZ,2.680052
KCKP,2.140432
KCKN,2.460313
KCKM,3.737471
KCKI,2.269801
KCJR,2.274711
KCIN,2.619074
KCGE,2.383421
KCGC,2.648530
KCFS,1.704469
KCFJ,2.044868
KCFE,2.447670
KCDN,1.173758
KCDI,3.424906
KCDH,2.822138
KCDA,1.004394
KCCY,2.050231
KCCA,3.253115
KCBG,2.303481
KCBF,2.632893
KCAV,2.224151
KCAO,4.658431
KCAD,2.904610
KC35,0.892491
KC29,1.311209
KBYL,3.454955
KBXK,5.259037
KBWW,1.866154
KBWP,1.595047
KBVU,5.847352
KBVI,1.867823
KBTN,1.947462
KBRY,2.283939
KBRG,3.902502
KBNW,2.581143
KBNL,3.092557
KBKT,1.567660
KBKS,2.973743
KBKN,3.366365
KBEA,2.880538
KBDH,2.389511
KBCK,1.486506
KBCB,1.538993
KBBP,2.315706
KBBB,2.648749
KBAX,1.725844
KBAC,1.005212
KAXV,1.486411
KAXA,1.893305
KAWG,2.475808
KAVC,2.159846
KAUM,2.529836
KATS,5.930232
KAST,3.974889
KASJ,3.172419
KARW,2.489800
KARV,1.146044
KAQX,2.608169
KANJ,3.398072
KAMN,1.922606
KALM,3.303923
KAIT,3.075384
KAIO,2.673666
KAIK,2.962054
KAIG,2.224458
KAID,2.573876
KAFP,1.652271
KADU,2.464732
KACQ,2.231046
KACB,2.292330
KAAT,3.501563
K9MN,2.905271
K96D,1.906165
K8W2,1.777175
K8B0,2.708133
K82C,2.245486
K7L2,2.035070
K77S,2.135261
K6L4,2.456567
K6B9,2.313663
K6B0,1.191895
K5H4,2.671632
K54J,2.955111
K4R5,1.873243
K4M9,3.108931
K4A6,3.166044
K46D,2.045876
K42J,2.420098
K41U,3.078408
K3N8,2.388006
K3D2,1.543371
K35A,2.320256
K2W6,3.625800
K2P2,1.543371
K2J9,2.684348
K2G4,3.041841
K2D5,1.677744
K28J,2.815852
K27K,2.733362
K24J,2.779811
K24A,3.395838
K22N,2.269130
K21D,3.250584
K20U,1.841149
K1S5,3.055136
K1R7,2.854315
K1P1,2.281367
K1A5,2.939581
K14Y,2.993482
K0VG,1.252607
K0V4,3.049821
K0S9,2.213415
K0E0,3.510245
K08D,2.336796
K06D,2.459289
K04W,2.536564
KWLD,3.915494
KWAL,2.616223
KVTA,1.226984
KVSF,0.895993
KVAY,2.581619
KUZA,3.143252
KUIN,2.610153
KTQE,1.644800
KTAD,3.857188
KSYR,2.313663
KSUS,3.876508
KSLC,3.594390
KSET,3.690340
KSBY,3.101010
KSBN,2.371256
KRST,2.905271
KRSP,4.746935
KROC,0.756345
KROA,2.758302
KRKS,1.585083
KRIC,3.391514
KRFD,2.233796
KRDG,0.649676
KRBL,4.571331
KPTW,1.694351
KPSF,2.687721
KPNE,2.211593
KPLN,1.326732
KPIA,3.655840
KPHL,1.993989
KPHF,3.193065
KORH,2.702985
KOLS,3.419254
KOLM,2.596249
KOFP,2.154365
KMVL,1.389599
KMRY,4.596211
KMOT,2.532338
KMKC,3.018405
KMGJ,1.027809
KMFI,0.825648
KMEM,5.048115
KLYH,3.049821
KLWT,3.563641
KLWM,2.252442
KLNK,2.294557
KLEX,2.116906
KLAF,2.104137
KJST,2.746367
KJAN,3.098298
KIZG,3.426289
KISW,0.825648
KIPT,3.052676
KINT,2.279841
KINL,3.140631
KIND,3.775405
KIMT,2.800136
KILN,2.010353
KHWD,4.514195
KGSO,3.131598
KGED,2.437694
KGCN,2.882162
KGCK,2.983528
KFZY,1.988160
KFWA,2.583626
KFIG,2.119710
KFFZ,5.259037
KEWN,3.090187
KEVV,3.229317
KEUG,2.135261
KECG,1.932652
KDYL,2.680052
KDSV,0.881044
KDSM,3.299117
KDEC,2.079039
KDDH,0.986747
KCRW,2.415457
KCOU,2.747726
KCOS,4.306557
KCEU,3.964239
KCAR,3.055030
KBWI,4.948793
KBUY,2.072820
KBUF,3.332906
KBTV,2.162787
KBOS,2.137672
KBKB,3.301976
KBFL,4.766168
KAVL,1.120268
KAUW,2.194780
KAPN,2.452410
KAPC,4.729370
KALO,2.147565
KAKR,1.803635
KAKQ,2.389032
KACY,2.980214
KAAO,3.738024
K1V4,1.004394
K12N,1.858628
KZZV,1.315567
KYKM,3.055136
KYIP,2.048642
KXVG,2.786323
KXNA,2.812337
KWST,2.386719
KWRL,2.135722
KVUO,2.053144
KVRB,3.821557
KVLD,3.027543
KVIH,2.171346
KVGT,5.847352
KVEL,1.695610
KVCB,5.149865
KUTS,1.640678
KUNV,2.091690
KUNO,2.104298
KUKI,4.703158
KUIL,2.676573
KUAO,3.698663
KTYS,4.195025
KTYR,2.591707
KTXK,4.433473
KTWF,3.480259
KTVR,3.141487
KTVC,1.341352
KTUS,4.255566
KTUP,2.614373
KTUL,2.805132
KTTN,2.348598
KTTD,3.563785
KTRL,3.505749
KTRI,2.067676
KTPA,3.348326
KTOR,1.737341
KTOP,2.939736
KTOI,2.261539
KTMB,4.174076
KTLH,3.913569
KTKI,5.077063
KTHV,1.605085
KTDZ,1.673814
KTCS,3.674777
KTCL,3.550534
KTCC,4.278822
KSWO,2.768105
KSTS,4.178160
KSTP,2.903888
KSTJ,2.575801
KSTC,2.952244
KSSI,2.255348
KSSF,4.426839
KSRQ,2.661277
KSPW,2.307252
KSPG,3.081703
KSPB,3.266975
KSNY,3.306425
KSNS,4.596211
KSNA,3.915069
KSMQ,2.749171
KSLN,3.632219
KSJC,4.874422
KSIY,3.464156
KSHR,1.005490
KSHN,1.835556
KSGR,3.252301
KSFF,0.893462
KSFB,3.406977
KSEA,1.831746
KSDM,3.103391
KSDL,5.259037
KSDB,6.059976
KSBM,0.644200
KSBA,5.150888
KSAV,5.181392
KSAF,3.022674
KSAC,4.033337
KRXE,3.744354
KRWL,0.858256
KRWI,2.529360
KRWF,2.364293
KRVS,2.805132
KRUE,2.446813
KRTN,3.203845
KRSW,2.996984
KRSL,3.363198
KRQE,2.687897
KRNM,3.103391
KRMG,2.815915
KRME,3.176112
KRKP,2.552949
KRIW,2.395384
KRIL,3.689043
KRHI,2.044739
KRDD,4.213095
KRBG,2.079715
KRBD,6.304274
KRAL,5.734788
KRAC,1.621039
KPWA,3.588095
KPUW,2.346632
KPUC,2.012928
KPUB,4.036186
KPTK,2.671431
KPSX,1.530666
KPSP,5.734788
KPSC,1.931994
KPRC,3.014172
KPRB,5.104944
KPQL,3.052797
KPOU,2.800518
KPOF,4.037180
KPNS,3.174589
KPNC,3.366365
KPMP,2.381703
KPMD,6.059976
KPKD,2.312740
KPKB,2.420818
KPIR,2.436778
KPIL,3.903085
KPIH,4.756104
KPHD,2.032083
KPGD,1.075959
KPGA,2.882162
KPDX,3.563785
KPDT,1.986085
KPDK,2.788414
KPBI,1.764329
KPBG,1.375392
KPBF,3.472342
KPAH,3.112193
KPAE,1.882562
KP68,3.132597
KOXB,2.804279
KOWD,1.863684
KOWA,2.371484
KOVS,2.273473
KOVE,4.028465
KOTM,2.619202
KOSU,1.470899
KOSH,1.616899
KORL,1.687647
KORB,3.649485
KOPF,4.174076
KONT,3.273285
KONO,3.477325
KOLF,2.975152
KOJC,2.265715
KOGD,4.428074
KOGB,1.560944
KODX,3.563481
KODO,3.663410
KOAK,4.514195
KNUI,3.625800
KNRS,3.103391
KNIP,2.068974
KMYF,3.103391
KMWL,2.649747
KMTO,2.481363
KMTJ,4.819336
KMSY,6.978206
KMSS,2.421245
KMSP,3.492019
KMSO,3.175347
KMSN,1.311209
KMSL,3.673969
KMRB,2.795896
KMOD,3.583761
KMMV,2.676122
KMMK,3.997228
KMLU,3.757793
KMLT,3.130543
KMLS,3.946796
KMLP,1.881804
KMLC,1.881657
KMLB,2.962045
KMKO,1.456724
KMKL,2.395744
KMIW,2.347985
KMIE,2.749815
KMIC,3.492019
KMIA,4.174076
KMHT,2.042014
KMHE,2.224029
KMGY,1.372867
KMGW,2.631014
KMGM,2.877635
KMFR,4.239189
KMFE,2.256933
KMDW,3.531900
KMCO,1.687647
KMCN,3.910316
KMCK,3.524124
KMCI,3.060893
KMCB,2.420910
KMBS,1.686972
KMAI,2.748593
KMAF,3.523756
KMAE,3.821635
KLXV,4.202169
KLXT,2.799649
KLWV,2.303106
KLWD,2.329743
KLVS,3.598074
KLVM,4.200368
KLVK,4.514195
KLVJ,2.982228
KLUK,0.972280
KLSE,2.644785
KLPR,1.264137
KLOZ,2.791567
KLOU,3.080037
KLOL,5.304213
KLNS,2.388405
KLND,2.395384
KLMT,3.664198
KLLQ,3.167214
KLKV,3.545795
KLIT,5.865970
KLHX,4.644485
KLHQ,2.705888
KLGB,6.059976
KLFT,4.206161
KLFK,2.020761
KLEE,3.272942
KLEB,2.281367
KLCH,3.994925
KLBX,2.982228
KLBF,4.689244
KLBB,2.197927
KLAX,6.059976
KLAW,3.688214
KLAR,1.723125
KLAN,1.909287
KLAA,3.873151
KJLN,2.760124
KJKL,3.399646
KJER,3.102121
KJEF,2.572727
KJBR,3.240931
KIXD,2.265715
KIWI,2.267946
KITR,2.995165
KIPL,4.217214
KINK,2.767249
KILM,2.335016
KIDA,4.800009
KICT,3.738024
KICR,3.663052
KIAH,3.105192
KIAG,2.377657
KHZY,3.137615
KHYR,2.016565
KHWO,2.381703
KHVR,3.232755
KHUL,3.055030
KHUF,2.233294
KHTL,2.954278
KHSV,3.951537
KHSI,3.331296
KHRO,2.472629
KHRI,1.986085
KHQM,
KHOU,3.105192
KHOT,3.338263
KHLN,3.037107
KHLG,1.173350
KHLC,2.842309
KHKY,1.817121
KHKS,3.374036
KHKA,3.432194
KHIO,3.945743
KHIB,3.649485
KHHR,6.059976
KHGR,2.699672
KHFD,2.249677
KHBR,2.920796
KHBG,3.458033
KHAO,1.105881
KGZH,2.971683
KGWO,3.185596
KGVL,4.251956
KGUY,3.494050
KGUP,3.573086
KGTF,2.816771
KGSP,3.278959
KGSH,2.649357
KGRR,2.409585
KGRI,2.732281
KGRB,2.301599
KGPT,3.146740
KGOK,3.308265
KGNV,3.118155
KGMU,4.034610
KGLR,3.011276
KGLH,2.420947
KGLD,2.622900
KGKY,4.274396
KGKJ,1.127118
KGJT,3.272299
KGIF,3.136944
KGGW,4.636897
KGGG,1.711900
KGFL,1.083823
KGFK,2.367733
KGEZ,2.257478
KGEY,2.993954
KGEG,0.893462
KGCC,1.717576
KGAG,2.247370
KFYV,3.245014
KFXE,2.381703
KFWN,1.858628
KFVE,3.055030
KFUL,3.915069
KFTY,2.237310
KFTW,4.274396
KFST,2.805816
KFSM,2.628193
KFPR,3.101482
KFOZ,2.929491
KFOE,2.939736
KFNT,1.731520
KFNB,2.195282
KFMY,2.996984
KFMN,3.842519
KFLO,2.441837
KFLL,2.381703
KFLD,1.930386
KFFT,2.488564
KFFC,2.915017
KFDY,0.994807
KFDR,2.440570
KFCM,3.492019
KFAY,1.581115
KFAT,2.945951
KFAR,1.610177
KEYE,3.775405
KEWB,2.539682
KEVW,1.689937
KESF,3.320882
KEQY,2.288103
KEPH,2.438524
KENW,2.240202
KEMP,2.796147
KELY,3.321938
KELN,2.507116
KELM,0.869593
KELD,3.015484
KEET,3.606448
KEEO,3.822501
KECP,2.216400
KDXR,2.807762
KDWH,3.105192
KDVT,5.259037
KDVP,1.901887
KDUJ,2.263488
KDTW,2.048642
KDTS,2.651339
KDTO,4.873266
KDTN,3.652708
KDRT,3.360574
KDRO,2.537342
KDNL,3.063919
KDMO,2.541351
KDMN,3.366595
KDLS,1.745923
KDLN,4.927358
KDKK,3.077800
KDHT,3.416171
KDHN,2.446775
KDGW,1.080657
KDFW,6.304274
KDFI,1.766275
KDEW,0.893462
KDET,2.048642
KDEQ,2.791675
KDEN,2.980324
KDCU,3.207998
KDBQ,2.765237
KDAN,2.844333
KDAL,6.304274
KDAB,2.551675
KCYS,2.450119
KCXO,3.542651
KCUT,4.483717
KCUB,2.916743
KCSV,3.167688
KCSM,2.576215
KCRS,3.094817
KCRQ,3.103391
KCRG,2.068974
KCRE,2.642084
KCQC,3.510245
KCPS,3.819395
KCPR,1.186329
KCOT,2.894791
KCNY,2.675872
KCNO,3.273285
KCNM,5.930232
KCMX,3.507115
KCMI,3.243291
KCLM,2.676573
KCLL,2.246913
KCKB,2.053501
KCHO,4.305097
KCHA,4.394751
KCGI,3.898453
KCEZ,4.471501
KCEW,2.651339
KCDW,2.575997
KCDS,3.534373
KCDR,3.779060
KCDC,3.189330
KCCR,4.432817
KCAG,4.495233
KBYI,3.328491
KBYG,1.135711
KBVY,2.252442
KBVO,3.648105
KBUR,6.059976
KBTR,3.619786
KBTM,2.584297
KBTL,2.342832
KBRO,3.903085
KBRL,2.920315
KBRD,3.073098
KBPT,3.191334
KBPK,2.460047
KBPI,1.784728
KBOI,4.102292
KBNO,3.815600
KBNA,3.113587
KBMQ,4.171399
KBMG,2.880193
KBLI,3.524037
KBKV,1.803767
KBKE,2.973266
KBIV,2.041922
KBIL,4.383651
KBHM,3.786108
KBGR,3.130543
KBGM,3.934340
KBFM,3.777606
KBFF,2.865319
KBFD,2.336771
KBEH,3.026742
KBDE,3.626274
KBCE,3.013814
KBBW,3.133773
KBAF,2.945776
KAZO,1.857025
KAXN,2.525680
KAWM,3.961399
KAUS,3.138251
KAUG,2.072903
KATY,1.830545
KASX,1.873243
KASE,3.282621
KASD,3.315367
KARB,2.289850
KARA,5.247064
KAQP,2.648749
KAPF,3.649771
KAPA,3.617140
KAOO,1.133677
KAOH,1.186745
KANB,1.398070
KAMW,2.429816
KAMG,2.709790
KAMA,3.345465
KALW,0.827251
KALI,1.991754
KAKO,3.567975
KAIA,2.917559
KAGS,3.063919
KAGC,3.043896
KAFW,4.274396
KAEX,3.320882
KADG,2.154877
KACV,4.350098
KABY,2.625181
KABR,1.892399
KAAF,2.366024
K1J0,2.619548
KVTN,4.919131
KTRM,5.734788
KTOL,0.851783
KTAN,2.539682
KSUX,2.787496
KSPS,3.044676
KSPI,3.053232
KSMF,4.033337
KSGF,3.251733
KREO,3.477325
KRAP,3.507127
KPYM,2.635898
KPWK,3.531900
KPPF,2.514979
KP69,2.749476
KORE,2.893226
KOMA,2.349749
KOKC,3.588095
KOKB,3.103391
KNTD,4.904201
KNRB,2.068974
KNFW,4.274396
KN60,2.352073
KMWH,2.438524
KMLI,3.204139
KMLF,2.375041
KMKE,2.114189
KMHK,2.031742
KMFD,1.750911
KMEB,2.210727
KMDH,3.586058
KMBG,2.124398
KLWC,3.585415
KIOW,2.431542
KIJD,3.201088
KIEN,
KIAD,2.821789
KHUT,4.033781
KHRL,3.903085
KHIE,1.993004
KFIT,2.702985
KEST,1.993302
KDVN,2.536515
KDPA,4.873193
KDDC,3.748279
KDCA,4.660868
KCVG,3.162438
KCQX,2.671179
KCQT,6.059976
KCNU,2.663835
KCLT,3.096980
KCKV,3.451443
KCID,2.296940
KCFV,3.572044
KCDJ,2.325675
KBML,1.993004
KBLU,4.322844
KBLH,5.734788
KBLF,1.526462
KBIS,2.613381
KBDR,2.807762
KBAN,4.714130
KATL,2.148446
KARR,3.543548
KAQW,2.687721
KALS,2.799373
KAFN,2.805893
KABQ,3.303201
KABI,4.009263
KYNG,2.717907
KXWA,1.741845
KVNY,6.059976
KVCT,1.475747
KTPL,4.168131
KTEB,3.071043
KSTL,3.876508
KSNT,4.439665
KSMX,5.150888
KSMO,6.059976
KSLK,2.741260
KSJT,3.391675
KSBD,3.273285
KSAT,4.426839
KSAN,3.103391
KSAD,3.205648
KROW,4.224245
KRDU,3.629662
KPWM,2.802563
KPVD,2.235262
KPIT,3.043896
KPHX,5.259037
KOXR,4.904201
KOXC,3.997228
KORF,2.841448
KORD,4.873193
KOCF,3.336709
KNYC,3.772880
KMYL,3.751124
KMPV,2.216925
KLWB,2.043250
KLGU,2.143638
KJCT,2.447718
KILG,3.308589
KIGM,2.845564
KHTS,2.450773
KHDO,2.636965
KGEU,5.259037
KEWR,2.504223
KERI,2.633581
KELP,4.429658
KEKN,1.756366
KDAW,3.186487
KCSG,2.941417
KCRP,2.227801
KCON,1.974260
KCMH,1.470899
KCLE,2.211526
KCAK,1.803635
KBKW,2.211131
KBHK,3.295629
KBGD,3.508713
KBED,3.030419
KBDL,2.249677
KBAZ,3.449658
KAVX,6.059976
KALB,3.038774
KAHN,2.885686
KACT,2.538597
KABE,1.887503
K6R6,1.806085
KVQQ,2.068974
KTRK,4.208282
KSCH,2.344517
KRYY,4.058556
KOMN,2.551675
KOLV,5.245890
KNQA,5.048115
KLAL,3.136944
KJWN,3.113587
KJQF,1.296525
KHXD,2.489800
KHQZ,6.304274
KHOB,3.875527
KGYI,2.275739
KFIN,2.908235
KEVB,2.551675
KESN,2.591078
KEFD,3.105192
KDAG,3.273285
KALN,2.610684
KADM,3.635401
K1YT,3.055136
KWVI,4.137105
KTVL,4.142458
KSUA,2.940812
KJDN,4.208599
KIFP,2.845564
KASG,3.245014
KTZR,1.470899
KTIX,2.962045
KSEE,3.103391
KRHV,4.874422
KPOC,6.059976
KPAO,4.116667
KLBE,2.710745
KHUM,8.429470
KGYH,4.034610
KFDK,4.746935
KCWA,2.194780
KCIC,4.028465
KCHD,5.259037
KBJC,2.703004
KADS,6.304274
KSAW,2.798197
KOUN,2.955647
KCWF,3.994925
KWDG,2.104950
KUES,1.021014
KSWF,1.027809
KS71,3.645322
KRYN,4.255566
KPO1,2.975152
KMWC,2.114189
KMWA,2.865845
KMMU,3.069594
KMER,4.792195
KJVL,2.100624
KGYY,3.201198
KFMH,2.671179
KEMT,6.059976
KCGF,2.211526
KATW,1.847095
KANE,2.836160
K3U3,2.381936
K38S,1.842756
K1S3,3.703552
KNKX,3.103391
KHLR,4.168131
KAQV,3.451609
KMNE,3.136975
KPEZ,1.981956
KHRF,3.054424
KCII,3.000279
KMMH,4.714130
KNY0,1.068902
KGRF,2.756086
KCVC,2.603458
KADC,3.185626
KIKK,2.605666
KETH,2.270429
KZPH,2.103844
KXNX,2.367794
KXLL,1.887503
KXBP,2.627332
KX26,3.821557
KWWR,3.461538
KWDR,4.206402
KW99,2.382657
KW78,1.737631
KW43,1.523189
KW22,1.893120
KVYS,2.993386
KVWU,3.690799
KVVS,1.524294
KVUJ,2.215069
KVTP,2.832412
KVHN,2.845619
KVDI,2.539243
KUYF,2.086964
KUXL,3.994925
KUVA,3.443330
KUSE,1.670793
KUNI,1.735664
KULS,2.411099
KUKL,2.890939
KUKF,2.997277
KUCY,3.855746
KU69,2.903298
KU68,2.993954
KU55,3.013814
KU52,2.375041
KU42,3.594390
KTYQ,1.776989
KTYL,3.153195
KTXW,2.256933
KTVK,2.551354
KTVI,2.602059
KTTA,2.826378
KTQK,2.800643
KTQH,2.135748
KTOC,3.172362
KTMA,2.834096
KTIP,3.243291
KTIF,4.211647
KTHA,2.291484
KTFP,1.273268
KTEX,4.633039
KTDF,1.597598
KTBR,2.261276
KTAZ,2.876902
KT89,2.636965
KT82,2.846840
KT78,1.641017
KT74,3.344214
KT41,3.105192
KT35,2.853750
KT20,2.077926
KSZY,2.830046
KSZT,2.315342
KSYI,2.383368
KSYF,3.289091
KSWW,2.867058
KSTK,3.567576
KSTE,0.822891
KSRE,2.861052
KSRB,1.680543
KSPK,2.417867
KSOA,3.728028
KSNL,2.981331
KSNH,3.081959
KSME,4.129120
KSMD,2.583626
KSLR,1.511928
KSLO,3.010356
KSLH,2.818541
KSJS,3.491890
KSHD,1.786071
KSFY,2.295758
KSEZ,3.014172
KSEP,2.346748
KSEM,2.782837
KSEF,1.902695
KSCX,2.942993
KSCD,1.398070
KSBS,3.188678
KSBO,2.718844
KSAR,3.325015
KSAA,0.858256
KS52,1.758327
KS39,3.310879
KS33,2.832740
KRZR,4.749939
KRZL,1.689741
KRYW,3.138251
KRWV,2.447227
KRVJ,2.885558
KRVF,4.081279
KRTS,5.725387
KRSV,2.484649
KRSN,2.788628
KRQO,3.168053
KRPJ,2.111972
KRNC,1.743910
KRLD,2.029298
KRKW,3.051568
KRKR,1.814372
KRGA,2.534206
KREG,5.177263
KRCV,3.233885
KRCR,2.393191
KRCE,3.168053
KRBO,2.227801
KPYX,2.695145
KPXE,2.723304
KPVW,2.427625
KPVJ,2.118183
KPVE,3.109443
KPUJ,3.671107
KPTT,3.068077
KPTD,2.421245
KPSO,3.325004
KPSN,2.226930
KPRS,2.783053
KPRG,2.176115
KPPQ,2.571950
KPPO,2.552272
KPPA,2.455458
KPOY,1.491695
KPNT,2.265847
KPNM,2.952244
KPMV,2.425269
KPMU,3.632961
KPLU,2.756086
KPKV,3.147912
KPEQ,2.392741
KPCW,1.127413
KPCM,3.348326
KPBX,3.087884
KOZA,3.488201
KOYM,3.398557
KOXI,2.311698
KOWX,1.176604
KOWP,3.648105
KOWI,1.527301
KOSA,1.465320
KORK,5.865970
KORG,3.424211
KOPN,2.846281
KOPL,4.051720
KONP,4.049512
KONL,3.018816
KOLY,2.921349
KOKZ,2.633584
KOKM,2.605437
KOJA,2.795114
KOGS,2.421245
KOGA,3.466748
KOCW,3.602299
KOBE,1.763397
KOAR,4.596211
KO69,4.178160
KO05,3.813268
KNUQ,4.874422
KNRN,3.526127
KMZZ,2.157906
KMYZ,2.404893
KMWO,1.105881
KMVH,3.563641
KMTV,3.440591
KMRC,2.682641
KMQS,2.077666
KMQB,2.816314
KMOR,2.716559
KMNZ,1.835389
KMNV,3.745172
KMNH,3.574844
KMMI,2.950339
KMLE,2.349749
KMKN,2.451154
KMHR,4.033337
KMHP,2.446222
KMGR,1.611570
KMGC,2.552272
KMEZ,2.547250
KMEV,4.784622
KMDQ,3.951537
KMDD,3.523756
KMCC,4.033337
KMBT,2.676818
KM75,4.741983
KM54,1.348500
KM30,3.498939
KM08,3.499572
KM04,3.188835
KM02,2.075927
KLZZ,2.684732
KLYO,2.178071
KLXY,1.797824
KLXN,3.301433
KLXL,2.426983
KLVN,3.357051
KLUX,3.408511
KLUV,2.431114
KLUL,3.333000
KLUG,2.646943
KLUD,2.627332
KLUA,1.632370
KLOT,3.674245
KLOM,1.694351
KLNN,1.101633
KLNC,6.304274
KLNA,1.764329
KLHM,4.322844
KLGC,2.508581
KLCQ,3.364885
KLCG,2.081100
KLAM,3.827905
KL35,3.273285
KKNB,2.481911
KK88,2.308065
KK82,3.043670
KK62,2.987446
KJZP,3.362608
KJYR,2.466314
KJYL,2.805889
KJYG,2.551241
KJWY,4.811049
KJWG,3.413034
KJVY,2.358690
KJSV,2.671719
KJOT,3.674245
KJES,2.937205
KJDD,2.308676
KJCA,3.511581
KJAU,2.512533
KJAS,2.528901
KIZA,5.150888
KIYA,4.819635
KIOB,2.537877
KINJ,1.827142
KIMM,3.649771
KIKG,1.913609
KIJX,2.764124
KIIY,2.596405
KIGQ,3.531900
KIER,2.909747
KIDP,3.572044
KIBM,2.772850
KI74,1.281029
KI63,2.402562
KI35,3.053026
KI19,1.804346
KI16,2.454986
KHZR,3.955800
KHZD,3.079132
KHVE,4.291944
KHTH,4.934912
KHSD,3.168053
KHSB,3.338059
KHRX,2.774099
KHQU,2.944874
KHQG,2.177080
KHPT,1.933586
KHOE,3.645281
KHNZ,2.652792
KHMT,5.734788
KHMP,2.402804
KHLB,3.009948
KHJH,2.895655
KHII,2.845564
KHHW,1.699546
KHHG,2.053339
KHHF,2.809572
KHFJ,2.368266
KHEQ,2.929734
KHDE,2.849090
KHCR,1.886714
KHBV,2.953619
KGZS,2.518496
KGYB,1.750303
KGWB,2.015494
KGVT,3.186387
KGVE,1.899057
KGRN,3.258926
KGPC,1.815846
KGOP,2.693542
KGOO,4.208282
KGNG,3.272724
KGNC,2.663181
KGNB,3.689765
KGMJ,1.940438
KGLW,2.187410
KGLE,3.342282
KGKT,3.291778
KGIC,2.749476
KGHG,2.635898
KGGP,2.657428
KGDJ,3.345632
KGCY,2.815830
KGCM,3.471228
KGCD,2.912181
KGBG,2.693783
KFZG,3.245065
KFYJ,1.077146
KFYE,3.525372
KFWC,3.421920
KFTN,2.912993
KFSE,2.460313
KFPY,2.792418
KFOT,4.350098
KFOA,2.296834
KFMM,4.607896
KFLY,4.306557
KFKR,1.865312
KFHB,2.360345
KFGX,2.587015
KFET,2.349221
KFBR,1.689937
KF70,5.734788
KF46,2.831906
KF44,2.360116
KF17,1.584183
KF05,2.510776
KF00,2.949866
KEZZ,2.583423
KEZM,2.443973
KEXX,2.605681
KETN,3.402700
KETC,1.830784
KERV,3.098844
KEQA,4.476676
KEOE,3.113581
KENL,3.010356
KEMV,2.900874
KELK,2.943572
KELA,2.094165
KEKS,4.081279
KEIK,4.558957
KEHY,0.858256
KEHO,1.178561
KEHA,2.684187
KEDU,4.253392
KEDN,2.903365
KEDC,3.138251
KECU,3.105268
KECS,2.261017
KEBG,2.256933
KE42,2.636154
KE41,2.316607
KE38,2.710516
KE16,4.874422
KDZJ,3.242403
KDZB,3.036524
KDWX,0.858256
KDWA,4.253392
KDVO,4.673634
KDVK,2.606976
KDUX,2.991508
KDUC,2.772146
KDUB,2.395384
KDUA,2.775316
KDTA,2.609821
KDRI,3.333408
KDQH,2.840577
KDPL,1.194896
KDNV,2.326201
KDNN,3.092343
KDMW,2.934535
KDLZ,2.486010
KDLO,4.766168
KDKR,1.161110
KDKB,2.678958
KDCY,2.825224
KDCM,2.565438
KDBN,2.343066
KD73,2.778634
KCZL,2.570316
KCXW,2.963374
KCXP,2.959355
KCWV,3.103289
KCWC,3.044676
KCUL,3.305405
KCUH,2.768105
KCTY,3.783760
KCRX,2.752019
KCQM,3.649485
KCPU,3.396373
KCOM,3.784530
KCNI,3.638087
KCMD,2.139759
KCLK,2.795114
KCKF,2.901274
KCKC,3.002933
KCIR,3.329666
KCHK,2.752666
KCFD,2.246913
KCEY,3.211035
KCCU,3.991805
KCCO,3.295717
KCBK,2.717830
KCBE,3.800807
KC99,2.439200
KC83,4.432817
KC75,2.176571
KC65,2.566614
KC09,3.743525
KC07,3.188678
KBYY,1.530666
KBXA,3.497155
KBWD,2.677108
KBVS,2.889139
KBVN,2.648784
KBUU,1.621039
KBTA,2.435916
KBQK,2.255348
KBPG,2.924214
KBPC,2.455458
KBMC,5.324190
KBKD,3.507704
KBJI,3.690799
KBIJ,2.423208
KBIE,2.685011
KBHC,2.607570
KBGF,2.999487
KBGE,2.274732
KBEC,3.738024
KBDU,3.662119
KBDN,1.808007
KBDG,2.506110
KBBD,2.881111
KBAM,4.903621
KAZE,2.251212
KAZC,2.845564
KAYS,3.508909
KAXX,3.203845
KAXS,3.808088
KAXH,3.252301
KAVQ,4.255566
KAVK,3.590536
KAUN,4.322844
KAUH,1.853200
KASW,2.601365
KASN,1.398070
KASL,3.202953
KARM,0.869976
KAQO,3.036524
KAPY,2.755250
KAPS,6.393559
KANW,3.659078
KANK,3.068118
KALX,2.991014
KAJZ,4.145604
KAJR,2.578950
KAJG,2.303106
KAHQ,2.569170
KAFK,2.596209
KAEL,2.039199
KAEJ,3.068118
KADH,3.058040
KACP,3.341306
KACJ,2.488731
KAAS,2.675878
KAAA,2.915960
K9V9,2.670844
K9D7,1.619725
K9A5,2.808256
K8A0,3.940453
K82V,2.450119
K81R,2.604218
K7W4,1.944649
K7BM,3.068118
K6S0,4.029737
K6R3,1.641017
K6I2,2.642101
K6A2,3.396935
K6A1,3.115086
K66R,2.094165
K5SM,3.689043
K5R8,3.994925
K5M9,3.211358
K5C1,4.426839
K5A6,2.837422
K57C,1.102040
K54A,1.075959
K4V1,2.832412
K4V0,3.822501
K4S2,3.304641
K4S1,2.910549
K4O4,2.819950
K4I3,0.910414
K4F2,1.959361
K4BM,3.714948
K4A9,3.807002
K49A,2.896868
K48A,2.788239
K46U,4.800009
K3T5,2.701947
K3S8,3.269022
K3R7,2.693215
K3LF,2.849374
K3K8,3.591284
K3K3,2.859305
K3J7,1.853645
K3I2,2.712147
K3F3,3.030900
K33V,3.457346
K33N,2.080591
K2V5,4.522143
K2R9,1.914282
K2M2,1.821885
K2J5,2.323433
K2J3,2.944084
K2IS,1.644633
K2I0,2.661224
K2G9,2.534918
K2A0,3.913798
K20V,3.689765
K1V6,2.996279
K1U7,4.152503
K1R8,2.973950
K1M5,2.367794
K1K1,4.476676
K1H2,2.314497
K1F0,3.635401
K1A9,3.140205
K1A6,3.971985
K19S,2.318150
K17J,2.609907
K13K,3.517186
K11R,1.463907
K0R4,3.969473
K0R0,2.720720
K0J6,3.290537
K0F2,2.351434
K0CO,3.689765
K0A9,2.734983
K0A0,3.674777
K06C,4.873193
K05U,3.132597
K04V,3.068413
K00U,3.706801
KLMO,3.662119
KCVB,2.636965
K2V6,4.522143
KPAM,2.216400
KCDD,3.649485
KMHS,3.464156
KCPW,4.037222
KVES,1.796229
KVCV,3.273285
KTNB,1.510008
KTMT,4.903621
KTMK,3.636567
KPWD,2.895514
KPNA,1.784728
KP08,2.743896
KO86,6.134050
KJTC,2.687897
KHSG,1.616728
KHMZ,1.082316
KH71,2.260055
KFEP,2.276554
KEMM,1.857653
KEAN,0.978930
KDED,2.551675
KCZT,2.912993
KCQB,3.345207
KBMT,3.191334
KAFO,1.857653
KADT,3.494864
K65S,2.113646
K63S,1.663636
K5T9,3.064782
K3AU,4.476676
K18A,2.219518
KATT,3.138251
KSLE,3.698663
KF45,1.764329
KBAB,4.098742
KMHV,4.766168
KM91,2.550393
KGZN,3.402700
KTCM,2.756086
KSXT,3.269022
K40B,3.055030
KOMK,1.758327
KMDS,1.668738
KLHB,1.372614
KA39,2.743896
KGRK,4.168131
KEDW,4.766168
KMYV,4.098742
KINW,3.153195
KCTB,3.492817
KCEC,5.238427
KHIF,4.701864
KRPX,3.701677
KWHP,6.059976
KNEL,3.088186
KNOZ,4.735362
KNGU,2.841448
KMWN,1.993004
KVBG,5.150888
KT70,2.515124
KSXS,2.903365
KSUU,5.149865
KSLI,3.915069
KSKA,0.893462
KSEQ,2.787397
KROG,2.812337
KRIV,5.734788
KPRN,1.393024
KPOE,3.301976
KMUO,3.727079
KMRH,3.737967
KMEI,2.940466
KLUF,5.259037
KLSV,5.847352
KLOR,2.446775
KLGF,4.735362
KINS,5.847352
KHUA,3.951537
KHMN,3.303923
KHEY,2.446775
KGXF,5.259037
KGUR,0.978930
KGOV,3.933300
KGFA,2.816771
KFHU,3.123048
KFEW,2.450119
KFCS,4.306557
KEUF,2.375403
KDMA,4.255566
KCVS,2.963592
KCMY,1.996182
KBYS,3.273285
KBKF,3.617140
KBIF,4.429658
KAPG,3.620243
KAFF,4.306557
KABH,4.306557
K9L2,4.766168
K1OM,3.563641
K1NW,4.558957
K1NM,3.563641
K1MW,3.567576
K1MM,3.563641
K1LW,4.558957
K1KW,2.772850
K1KM,4.387393
K1JW,3.567576
K1JM,3.000279
K1IW,3.306425
K1IM,2.816771
K1HW,3.306425
K1GM,3.037107
K1FM,3.000279
K1EW,2.772850
K1EM,3.563641
K1DM,3.563641
K1CW,3.219776
K1BW,3.219776
K1AW,2.450119
K1AM,2.816771
K0J4,1.724724
KNYL,4.735362
KFLG,2.882162
KWRI,2.581619
KWRB,1.791718
KWMC,4.882540
KWJF,6.059976
KVPZ,3.037909
KVOK,2.245486
KTPH,5.727921
KSZL,2.281542
KSPD,2.978332
KSKF,4.426839
KSHV,3.652708
KSFO,4.116667
KSDF,3.080037
KSBP,5.104944
KRND,4.426839
KRDR,2.367733
KRDM,1.808007
KPSM,2.042014
KP28,3.889150
KOFK,1.934821
KOFF,2.495707
KNXP,3.273285
KNXF,3.103391
KNSE,3.007185
KNQI,1.913609
KNPA,3.174589
KNOG,1.991754
KNKT,3.090187
KNGP,2.227801
KNDZ,3.007185
KNBT,3.737967
KMUI,1.875263
KMTC,2.167838
KMOB,3.777606
KMMT,2.916743
KMIB,2.532338
KMGE,4.058556
KMDT,2.944095
KLWS,2.747749
KLNR,0.892491
KLFI,1.339674
KLAS,5.847352
KJXN,2.008545
KJMS,2.054454
KJAX,2.068974
KISO,2.489078
KHYA,2.671179
KHRT,2.651339
KHPN,2.807762
KHFF,1.095516
KGTB,1.376316
KGSB,2.542828
KGRD,2.577160
KGON,2.538850
KGNR,2.111020
KFTK,2.656258
KFSI,3.688214
KFSD,1.412838
KFRM,2.035190
KFRI,2.502202
KFFO,1.804346
KFAF,3.193065
KEKO,5.108131
KEED,3.273285
KEAU,2.194742
KDYS,4.009263
KDOV,2.080591
KDIK,1.550738
KDAY,1.372867
KDAA,2.821789
KD07,4.633958
KCXY,1.605085
KCHS,3.915377
KCEF,2.945776
KCAE,1.537616
KBZN,4.476041
KBJJ,1.552137
KBIH,4.233986
KART,1.376316
KAND,2.683465
KADW,3.284655
K2WX,2.389118
KTHM,2.848904
KSUN,4.682061
KP58,1.725844
KNBG,5.737440
KLCK,1.470899
KJKA,2.973950
KCNW,2.538597
K9S5,4.476041
K9S2,2.131275
KSJN,2.687897
KMIV,3.525427
KAKH,5.151713
KPEO,1.746796
KOQT,2.968607
KMPO,2.169600
KMCE,4.792195
KIML,2.748125
KHVN,3.997228
KHJO,5.409051
KDRA,5.727921
KBFI,1.831746
KBCT,1.764329
KNZY,3.103391
KNHK,3.625800
KEKM,2.649357
KSQL,4.116667
KGDP,2.845619
KFWS,4.274396
KIWA,5.259037
KHSA,2.817471
KGPM,4.274396
KBAK,3.089103
KTOA,6.059976
KGYR,5.259037
KCFO,2.700089
KAEG,3.303201
KBOW,3.136944
KBBG,2.720673
,4.662483
,2.042745
,1.376316
,2.800518
,
,2.103844
,
,3.147912
,3.772880
,6.059976
,4.174076
,2.680052
,2.211593
,1.732980
,4.178160
,2.699365
,2.042014
,2.137672
,2.798197
,
,2.068974
,3.994925
,2.068974
,2.539682
,4.948793
,1.732980
,6.057040
,2.671179
,1.732980
,5.891364
,2.802563
,5.238427
,2.185613
,3.846354
,3.613784
,2.602848
,2.671179
,3.915377
,2.353356
,3.081703
,2.167838
,5.289652
,3.531900
,1.732980
,
,3.531900
,5.149865
,3.169582
,2.068974
,2.080591
,
,3.649485
,3.348326
,4.596211
,1.530666
,
,2.566344
,5.181392
,
,
,2.360345
,2.539682
,2.948105
,1.732980
,2.301599
,3.002933
,
,
,3.507115
,2.908235
,4.350098
,4.174076
,3.340309
,
,1.732980
,3.531900
,4.174076
,2.980214
,2.068974
,
,
,1.725844
,
,2.314715
,2.676573
,1.732980
,3.994925
,1.901503
,2.916743
,1.732980
,3.105316
,2.452410
,1.732980
,1.732980
,2.068974
,3.398072
,
,
,
,2.335016
,3.777606
,2.042745
,3.777606
,2.798197
,4.174076
,
,
,1.273268
,
,
,3.448374
,1.993989
,2.068974
,4.432817
,
,2.680052
,1.185665
,3.105192
,2.676573
,2.068974
,2.377657
,2.671614
,2.538850
,
,2.800518
,1.732980
,
,5.891364
,4.049512
,2.421245
,3.777606
,2.804279
,6.059976
,3.531900
,4.137109
,1.988160
,1.167828
,2.889139
,3.174589
,4.432817
,2.381703
,2.211593
,5.737440
,2.661277
,3.634197
,
,4.432817
,1.662633
,5.737440
,6.059976
,5.150888
,3.903085
,
,2.151487
,6.059976
,2.948105
,2.948105
,3.398072
,2.552949
,0.756345
,3.308589
,3.649771
,4.116667
,
,3.448735
,4.049512
,3.103391
,2.882694
,3.147912
,5.149865
,1.530666
,2.983778
,3.899725
,2.925598
,3.846354
,3.191334
,2.841448
,
,4.174076
,2.756086
,5.538144
,0.851783
,
,3.103391
,2.801024
,3.636567
,2.227801
,3.348326
,1.732980
,2.962045
,4.174076
,2.227801
,4.660868
,1.173758
,2.671179
,2.973950
,2.278255
,3.398072
,
,1.732980
,2.973950
,2.335016
,3.398072
,1.732980
