station,valid,feel
PAFK,1997-06-13 16:49,53.60
PAFK,1997-06-13 19:49,57.20
PAFK,1997-06-14 23:49,60.80
PAFK,1997-06-26 16:49,62.60
PAFK,1997-09-04 19:49,51.80
PAFK,1997-09-05 21:49,59.00
PAFK,1997-09-07 00:49,59.00
PAFK,1997-10-01 18:49,24.57
PAFK,1997-10-01 19:49,30.75
PAFK,1997-10-01 21:49,41.03
PAFK,1997-10-01 22:49,45.15
PAFK,1997-10-02 00:49,51.80
PAFK,1997-10-02 19:49,27.42
PAFK,1997-10-02 21:49,41.03
PAFK,1997-10-03 00:49,41.03
PAFK,1997-10-03 21:49,37.08
PAFK,1997-10-03 23:49,40.03
PAFK,1997-10-04 17:49,24.29
PAFK,1997-10-04 19:49,24.29
PAFK,1997-10-04 20:49,26.58
PAFK,1997-10-05 17:49,20.78
PAFK,1997-10-06 00:49,23.11
PAFK,1997-10-06 18:49,20.39
PAFK,1997-10-06 22:49,24.26
PAFK,1997-10-07 00:49,21.28
PAFK,1997-10-07 01:49,20.71
PAFK,1997-10-07 16:49,14.28
PAFK,1997-10-07 17:49,20.46
PAFK,1997-10-07 20:49,23.22
PAFK,1997-10-08 01:49,31.62
PAFK,1997-10-08 20:49,26.40
PAFK,1997-10-09 21:49,29.74
PAFK,1997-10-09 22:49,25.80
PAFK,1997-10-10 16:49,24.57
PAFK,1997-10-11 00:49,27.70
PAFK,1997-10-11 21:49,28.53
PAFK,1997-10-11 22:49,28.53
PAFK,1997-10-12 00:49,29.17
PAFK,1997-10-12 01:49,32.81
PAFK,1997-10-12 20:49,12.71
PAFK,1997-10-12 22:49,19.03
PAFK,1997-10-13 00:49,26.33
PAFK,1997-10-13 20:49,1.94
PAFK,1997-10-14 20:49,2.88
PAFK,1997-10-14 23:49,5.02
PAFK,1997-10-15 00:49,7.16
PAFK,1997-10-16 16:49,-8.45
PAFK,1997-10-16 19:49,10.40
PAFK,1997-10-17 18:49,8.11
PAFK,1997-10-17 19:49,6.40
PAFK,1997-10-17 20:49,5.02
PAFK,1997-10-17 22:49,6.02
PAFK,1997-10-18 16:49,-14.62
PAFK,1997-10-18 17:49,-14.62
PAFK,1997-10-18 20:49,7.17
PAFK,1997-10-18 22:49,13.57
PAFK,1997-10-19 01:49,7.23
PAFK,1997-10-19 17:49,-4.11
PAFK,1997-10-19 18:49,-6.99
PAFK,1997-10-19 20:49,-4.82
PAFK,1997-10-19 21:49,2.20
PAFK,1997-10-19 22:49,4.30
PAFK,1997-10-20 16:49,14.00
PAFK,1997-10-20 19:49,15.80
PAFK,1997-10-20 20:49,17.60
PAFK,1997-10-21 01:49,9.29
PAFK,1997-10-21 20:49,12.23
PAFK,1997-10-21 21:49,10.60
PAFK,1997-10-22 00:49,14.28
PAFK,1997-10-22 17:49,1.40
PAFK,1997-10-22 18:49,5.00
PAFK,1997-10-22 23:49,16.34
PAFK,1997-10-23 17:49,-2.18
PAFK,1997-10-23 22:49,1.94
PAFK,1997-10-23 23:49,10.40
PAFK,1997-10-24 16:49,-11.20
PAFK,1997-10-24 20:49,-8.35
PAFK,1997-10-24 22:49,0.09
PAFK,1997-10-25 00:49,-1.39
PAFK,1997-10-25 16:49,1.94
PAFK,1997-10-25 17:49,1.94
PAFK,1997-10-25 18:49,1.94
PAFK,1997-10-25 21:49,6.05
PAFK,1997-10-26 19:49,1.94
PAFK,1997-10-26 22:49,4.00
PAFK,1997-10-27 00:49,0.09
PAFK,1997-10-27 01:49,1.94
PAFK,1997-10-27 16:49,-28.93
PAFK,1997-10-27 20:49,-14.52
PAFK,1997-10-28 01:49,M
PAFK,1997-10-28 16:49,-6.21
PAFK,1997-10-28 17:49,-8.31
PAFK,1997-10-28 19:49,-6.21
PAFK,1997-10-28 20:49,-4.11
PAFK,1997-10-28 22:49,-5.94
PAFK,1997-10-29 19:49,4.00
PAFK,1997-10-29 21:49,1.94
PAFK,1997-10-29 22:49,4.00
PAFK,1997-10-29 23:49,6.05
PAFK,1997-10-30 00:49,6.05
PAFK,1997-10-30 17:49,M
PAFK,1997-10-30 19:49,-16.58
PAFK,1997-10-31 18:49,-18.64
PAFK,1997-10-31 21:49,-12.47
PAFK,1997-10-31 23:49,-6.21
PAFK,1997-11-01 17:49,-22.75
PAFK,1997-11-01 18:49,-18.64
PAFK,1997-11-01 19:49,-16.91
PAFK,1997-11-01 20:49,-8.31
PAFK,1997-11-01 23:49,-4.82
PAFK,1997-11-02 16:49,10.81
PAFK,1997-11-02 21:49,25.45
PAFK,1997-11-02 22:49,23.92
PAFK,1997-11-03 01:49,25.45
PAFK,1997-11-03 16:49,30.11
PAFK,1997-11-03 17:49,28.87
PAFK,1997-11-03 21:49,34.78
PAFK,1997-11-04 00:49,30.11
PAFK,1997-11-04 01:49,28.87
PAFK,1997-11-04 17:49,24.57
PAFK,1997-11-04 21:49,27.42
PAFK,1997-11-04 23:49,29.52
PAFK,1997-11-05 01:49,21.11
PAFK,1997-11-05 17:49,21.53
PAFK,1997-11-05 20:49,24.49
PAFK,1997-11-06 16:49,22.97
PAFK,1997-11-06 18:49,18.45
PAFK,1997-11-06 20:49,20.08
PAFK,1997-11-06 21:49,19.75
PAFK,1997-11-07 01:49,22.12
PAFK,1997-11-07 16:49,27.77
PAFK,1997-11-07 18:49,31.60
PAFK,1997-11-07 19:49,31.09
PAFK,1997-11-07 22:49,34.78
PAFK,1997-11-08 16:49,35.45
PAFK,1997-11-08 21:49,35.87
PAFK,1997-11-08 22:49,35.87
PAFK,1997-11-08 23:49,36.34
PAFK,1997-11-09 00:49,37.11
PAFK,1997-11-09 01:49,37.11
PAFK,1997-11-09 16:49,36.51
PAFK,1997-11-09 18:49,38.77
PAFK,1997-11-09 22:49,41.03
PAFK,1997-11-10 17:49,37.94
PAFK,1997-11-10 22:49,38.77
PAFK,1997-11-10 23:49,36.51
PAFK,1997-11-11 00:49,34.25
PAFK,1997-11-11 16:49,33.46
PAFK,1997-11-11 17:49,33.48
PAFK,1997-11-11 18:49,34.78
PAFK,1997-11-11 20:49,34.78
PAFK,1997-11-11 23:49,36.51
PAFK,1997-11-12 01:49,39.22
PAFK,1997-11-12 20:49,34.25
PAFK,1997-11-12 21:49,35.40
PAFK,1997-11-12 22:49,35.75
PAFK,1997-11-12 23:49,34.25
PAFK,1997-11-13 00:49,34.25
PAFK,1997-11-13 01:49,35.20
PAFK,1997-11-13 16:49,24.26
PAFK,1997-11-13 17:49,22.12
PAFK,1997-11-13 18:49,23.22
PAFK,1997-11-13 19:49,24.57
PAFK,1997-11-13 20:49,26.63
PAFK,1997-11-13 22:49,19.03
PAFK,1997-11-13 23:49,19.01
PAFK,1997-11-14 00:49,16.34
PAFK,1997-11-14 01:49,12.23
PAFK,1997-11-14 21:49,7.17
PAFK,1997-11-15 00:49,8.59
PAFK,1997-11-15 01:49,3.85
PAFK,1997-11-15 16:49,17.42
PAFK,1997-11-15 18:49,20.71
PAFK,1997-11-15 19:49,20.71
PAFK,1997-11-15 20:49,22.00
PAFK,1997-11-16 01:49,27.48
PAFK,1997-11-16 16:49,6.02
PAFK,1997-11-16 21:49,14.00
PAFK,1997-11-17 00:49,5.02
PAFK,1997-11-17 01:49,5.02
PAFK,1997-11-17 16:49,15.80
PAFK,1997-11-17 17:49,15.80
PAFK,1997-11-17 20:49,12.23
PAFK,1997-11-18 00:49,19.40
PAFK,1997-11-18 21:49,-0.12
PAFK,1997-11-18 23:49,6.80
PAFK,1997-11-19 00:49,5.00
PAFK,1997-11-19 17:49,10.40
PAFK,1997-11-20 00:49,10.17
PAFK,1997-11-20 16:49,0.09
PAFK,1997-11-20 21:49,16.20
PAFK,1997-11-20 23:49,13.78
PAFK,1997-11-21 00:49,11.97
PAFK,1997-11-21 16:49,18.45
PAFK,1997-11-21 18:49,14.20
PAFK,1997-11-21 19:49,17.46
PAFK,1997-11-21 20:49,18.45
PAFK,1997-11-22 01:49,19.03
PAFK,1997-11-22 18:49,4.00
PAFK,1997-11-22 23:49,12.23
PAFK,1997-11-23 00:49,12.23
PAFK,1997-11-23 16:49,4.00
PAFK,1997-11-23 17:49,10.40
PAFK,1997-11-23 18:49,4.00
PAFK,1997-11-23 20:49,10.40
PAFK,1997-11-23 21:49,12.20
PAFK,1997-11-24 21:49,4.00
PAFK,1997-11-24 23:49,3.91
PAFK,1997-11-25 19:49,-18.64
PAFK,1997-11-25 20:49,-20.70
PAFK,1997-11-25 21:49,-24.91
PAFK,1997-11-26 01:49,-1.86
PAFK,1997-11-26 17:49,12.52
PAFK,1997-11-26 18:49,-2.49
PAFK,1997-11-26 22:49,-8.13
PAFK,1997-11-26 23:49,-9.16
PAFK,1997-11-27 17:49,5.00
PAFK,1997-11-27 19:49,6.80
PAFK,1997-11-27 20:49,-2.01
PAFK,1997-11-27 21:49,-4.71
PAFK,1997-11-27 22:49,-7.82
PAFK,1997-11-27 23:49,-5.94
PAFK,1997-11-28 00:49,-3.53
PAFK,1997-11-28 01:49,-3.53
PAFK,1997-11-28 16:49,-8.35
PAFK,1997-11-28 23:49,-16.58
PAFK,1997-11-29 00:49,-14.52
PAFK,1997-11-29 18:49,3.20
PAFK,1997-11-30 18:49,-4.24
PAFK,1997-11-30 22:49,-2.18
PAFK,1997-12-01 17:49,-0.40
PAFK,1997-12-01 19:49,-8.31
PAFK,1997-12-02 16:49,-12.47
PAFK,1997-12-03 18:49,-16.60
PAFK,1997-12-04 00:49,-14.80
PAFK,1997-12-05 00:49,22.92
PAFK,1997-12-05 17:49,27.02
PAFK,1997-12-06 16:49,22.97
PAFK,1997-12-06 17:49,24.29
PAFK,1997-12-06 20:49,18.45
PAFK,1997-12-07 23:49,10.17
PAFK,1997-12-08 17:49,-1.39
PAFK,1997-12-08 23:49,10.17
PAFK,1997-12-09 21:49,-22.75
PAFK,1997-12-09 22:49,-11.20
PAFK,1997-12-10 01:49,-25.13
PAFK,1997-12-10 17:49,-2.20
PAFK,1997-12-10 19:49,-10.41
PAFK,1997-12-10 20:49,-10.42
PAFK,1997-12-10 21:49,-5.67
PAFK,1997-12-10 22:49,-4.11
PAFK,1997-12-10 23:49,-2.18
PAFK,1997-12-11 01:49,-2.18
PAFK,1997-12-11 16:49,5.00
PAFK,1997-12-11 19:49,0.09
PAFK,1997-12-11 20:49,1.94
PAFK,1997-12-12 16:49,3.20
PAFK,1997-12-12 21:49,-0.40
PAFK,1997-12-12 22:49,-0.40
PAFK,1997-12-13 00:49,1.40
PAFK,1997-12-13 01:49,3.20
PAFK,1997-12-13 17:49,-22.45
PAFK,1997-12-13 18:49,-22.16
PAFK,1997-12-13 20:49,-20.63
PAFK,1997-12-13 22:49,-24.67
PAFK,1997-12-14 00:49,-20.92
PAFK,1997-12-14 01:49,-27.23
PAFK,1997-12-14 21:49,M
PAFK,1997-12-14 23:49,M
PAFK,1997-12-15 00:49,-33.04
PAFK,1997-12-15 01:49,-20.20
PAFK,1997-12-15 16:49,M
PAFK,1997-12-15 17:49,-35.10
PAFK,1997-12-15 20:49,M
PAFK,1997-12-15 23:49,M
PAFK,1997-12-16 01:49,M
PAFK,1997-12-16 17:49,M
PAFK,1997-12-16 19:49,M
PAFK,1997-12-16 23:49,M
PAFK,1997-12-17 16:49,-35.10
PAFK,1997-12-17 18:49,M
PAFK,1997-12-17 19:49,M
PAFK,1997-12-17 21:49,M
PAFK,1997-12-17 22:49,M
PAFK,1997-12-18 00:49,M
PAFK,1997-12-18 16:49,-33.04
PAFK,1997-12-18 20:49,-22.77
PAFK,1997-12-18 22:49,-18.50
PAFK,1997-12-19 16:49,-12.52
PAFK,1997-12-19 20:49,-6.93
PAFK,1997-12-19 22:49,-3.53
PAFK,1997-12-19 23:49,-9.15
PAFK,1997-12-21 00:49,-10.42
PAFK,1997-12-21 01:49,-12.08
PAFK,1997-12-21 16:49,-12.30
PAFK,1997-12-21 17:49,-13.15
PAFK,1997-12-21 19:49,-10.89
PAFK,1997-12-21 20:49,-13.02
PAFK,1997-12-22 00:49,2.65
PAFK,1997-12-22 16:49,-26.69
PAFK,1997-12-22 18:49,-21.30
PAFK,1997-12-22 19:49,-18.50
PAFK,1997-12-22 20:49,-16.36
PAFK,1997-12-22 22:49,-14.22
PAFK,1997-12-22 23:49,-10.41
PAFK,1997-12-23 00:49,-10.41
PAFK,1997-12-23 01:49,-10.41
PAFK,1997-12-23 16:49,-18.50
PAFK,1997-12-23 18:49,-16.58
PAFK,1997-12-23 19:49,-20.92
PAFK,1997-12-24 16:49,22.12
PAFK,1997-12-24 17:49,0.74
PAFK,1997-12-24 18:49,-7.81
PAFK,1997-12-24 20:49,1.94
PAFK,1997-12-25 00:49,8.11
PAFK,1997-12-25 22:49,-16.58
PAFK,1997-12-25 23:49,-14.52
PAFK,1997-12-26 00:49,-18.64
PAFK,1997-12-26 17:49,-2.20
PAFK,1997-12-26 21:49,-20.70
PAFK,1997-12-26 22:49,-22.75
PAFK,1997-12-27 01:49,-28.93
PAFK,1997-12-28 01:49,-23.03
PAFK,1997-12-28 18:49,-9.40
PAFK,1997-12-28 20:49,-9.40
PAFK,1997-12-28 22:49,-16.58
PAFK,1997-12-28 23:49,-14.52
PAFK,1997-12-29 01:49,-5.80
PAFK,1997-12-29 16:49,-18.64
PAFK,1997-12-29 19:49,-30.99
PAFK,1997-12-29 22:49,-16.60
PAFK,1997-12-29 23:49,-24.81
PAFK,1997-12-30 17:49,M
PAFK,1997-12-30 23:49,M
PAFK,1997-12-31 00:49,M
PAFK,1997-12-31 16:49,M
PAFK,1997-12-31 18:49,M
PAFK,1997-12-31 19:49,M
PAFK,1997-12-31 20:49,M
PAFK,1997-12-31 23:49,-31.32
PAFK,1998-01-01 17:49,-18.82
PAFK,1998-01-01 21:49,-18.82
PAFK,1998-01-02 16:49,-16.60
PAFK,1998-01-02 17:49,-14.80
PAFK,1998-01-02 20:49,-11.20
PAFK,1998-01-02 21:49,-9.40
PAFK,1998-01-02 23:49,-18.64
PAFK,1998-01-03 01:49,-24.81
PAFK,1998-01-03 17:49,M
PAFK,1998-01-03 18:49,M
PAFK,1998-01-03 23:49,M
PAFK,1998-01-04 18:49,M
PAFK,1998-01-04 19:49,M
PAFK,1998-01-04 21:49,M
PAFK,1998-01-05 20:49,M
PAFK,1998-01-05 23:49,M
PAFK,1998-01-06 00:49,M
PAFK,1998-01-06 17:49,M
PAFK,1998-01-07 17:49,M
PAFK,1998-01-07 20:49,-18.40
PAFK,1998-01-07 22:49,-25.13
PAFK,1998-01-08 01:49,-20.92
PAFK,1998-01-08 16:49,-19.99
PAFK,1998-01-08 21:49,-18.82
PAFK,1998-01-09 17:49,17.38
PAFK,1998-01-09 20:49,21.53
PAFK,1998-01-10 01:49,22.25
PAFK,1998-01-10 16:49,26.58
PAFK,1998-01-10 20:49,22.92
PAFK,1998-01-10 22:49,26.31
PAFK,1998-01-10 23:49,28.49
PAFK,1998-01-11 00:49,24.49
PAFK,1998-01-11 01:49,26.58
PAFK,1998-01-11 17:49,-10.42
PAFK,1998-01-11 18:49,-2.20
PAFK,1998-01-11 21:49,-10.41
PAFK,1998-01-11 23:49,-10.41
PAFK,1998-01-12 00:49,-12.47
PAFK,1998-01-12 01:49,-16.72
PAFK,1998-01-13 00:49,-20.92
PAFK,1998-01-13 01:49,-9.40
PAFK,1998-01-13 16:49,-20.63
PAFK,1998-01-13 17:49,-22.77
PAFK,1998-01-13 20:49,-28.95
PAFK,1998-01-13 21:49,-27.96
PAFK,1998-01-14 00:49,-27.96
PAFK,1998-01-14 19:49,-30.99
PAFK,1998-01-14 23:49,-31.43
PAFK,1998-01-15 20:49,-26.87
PAFK,1998-01-15 23:49,-20.70
PAFK,1998-01-16 01:49,-22.75
PAFK,1998-01-16 18:49,-12.57
PAFK,1998-01-16 19:49,-19.10
PAFK,1998-01-16 20:49,-19.99
PAFK,1998-01-17 18:49,-16.60
PAFK,1998-01-17 20:49,-22.77
PAFK,1998-01-17 21:49,-20.63
PAFK,1998-01-18 16:49,-20.63
PAFK,1998-01-18 19:49,-18.82
PAFK,1998-01-18 23:49,-14.62
PAFK,1998-01-19 00:49,-12.52
PAFK,1998-01-19 01:49,-14.22
PAFK,1998-01-19 18:49,-20.70
PAFK,1998-01-20 00:49,-26.50
PAFK,1998-01-20 16:49,-33.54
PAFK,1998-01-20 17:49,-28.93
PAFK,1998-01-20 19:49,-29.33
PAFK,1998-01-21 00:49,-18.82
PAFK,1998-01-21 22:49,-20.63
PAFK,1998-01-22 17:49,-26.87
PAFK,1998-01-22 20:49,-23.03
PAFK,1998-01-22 21:49,-20.63
PAFK,1998-01-23 00:49,-18.50
PAFK,1998-01-23 18:49,-18.40
PAFK,1998-01-24 00:49,-20.92
PAFK,1998-01-24 17:49,M
PAFK,1998-01-24 19:49,-33.04
PAFK,1998-01-24 20:49,-30.99
PAFK,1998-01-25 01:49,-22.75
PAFK,1998-01-25 18:49,-11.20
PAFK,1998-01-25 20:49,-18.64
PAFK,1998-01-25 21:49,-20.92
PAFK,1998-01-26 16:49,-12.52
PAFK,1998-01-26 17:49,-10.41
PAFK,1998-01-26 20:49,-12.52
PAFK,1998-01-26 22:49,-10.42
PAFK,1998-01-27 01:49,-8.35
PAFK,1998-01-27 17:49,-2.20
PAFK,1998-01-27 18:49,-0.40
PAFK,1998-01-27 19:49,-0.40
PAFK,1998-01-27 20:49,-8.35
PAFK,1998-01-27 22:49,-8.31
PAFK,1998-01-28 00:49,-6.21
PAFK,1998-01-28 20:49,-6.29
PAFK,1998-01-28 23:49,-6.21
PAFK,1998-01-29 01:49,-6.21
PAFK,1998-01-29 17:49,-23.03
PAFK,1998-01-29 20:49,-14.52
PAFK,1998-01-29 23:49,-4.24
PAFK,1998-01-30 00:49,-4.24
PAFK,1998-01-30 17:49,-2.20
PAFK,1998-01-30 18:49,-4.00
PAFK,1998-01-30 22:49,2.88
PAFK,1998-01-31 00:49,27.48
PAFK,1998-01-31 16:49,1.94
PAFK,1998-01-31 19:49,0.09
PAFK,1998-02-01 00:49,8.11
PAFK,1998-02-01 01:49,14.00
PAFK,1998-02-01 16:49,-14.52
PAFK,1998-02-01 17:49,-14.52
PAFK,1998-02-01 21:49,-6.21
PAFK,1998-02-02 00:49,-1.39
PAFK,1998-02-02 16:49,8.11
PAFK,1998-02-02 18:49,6.05
PAFK,1998-02-02 22:49,32.47
PAFK,1998-02-03 17:49,32.00
PAFK,1998-02-03 18:49,34.95
PAFK,1998-02-03 19:49,35.75
PAFK,1998-02-03 20:49,38.77
PAFK,1998-02-03 21:49,35.08
PAFK,1998-02-03 22:49,38.04
PAFK,1998-02-04 00:49,36.51
PAFK,1998-02-04 01:49,34.25
PAFK,1998-02-04 16:49,29.74
PAFK,1998-02-04 19:49,32.00
PAFK,1998-02-04 20:49,32.98
PAFK,1998-02-04 22:49,33.56
PAFK,1998-02-05 00:49,34.95
PAFK,1998-02-05 01:49,32.98
PAFK,1998-02-05 17:49,7.16
PAFK,1998-02-05 18:49,12.71
PAFK,1998-02-05 19:49,19.01
PAFK,1998-02-05 23:49,18.20
PAFK,1998-02-06 17:49,0.74
PAFK,1998-02-06 18:49,-1.55
PAFK,1998-02-06 20:49,3.85
PAFK,1998-02-06 21:49,10.60
PAFK,1998-02-07 16:49,-12.52
PAFK,1998-02-07 20:49,-1.39
PAFK,1998-02-07 21:49,0.09
PAFK,1998-02-08 20:49,-6.29
PAFK,1998-02-08 22:49,-6.21
PAFK,1998-02-09 01:49,-4.24
PAFK,1998-02-09 17:49,-12.08
PAFK,1998-02-09 18:49,-12.52
PAFK,1998-02-09 19:49,-10.41
PAFK,1998-02-09 21:49,-8.35
PAFK,1998-02-09 22:49,-8.31
PAFK,1998-02-09 23:49,-5.94
PAFK,1998-02-10 00:49,-3.53
PAFK,1998-02-10 16:49,-20.70
PAFK,1998-02-10 17:49,-18.64
PAFK,1998-02-10 18:49,-16.72
PAFK,1998-02-10 19:49,-18.50
PAFK,1998-02-10 21:49,-12.52
PAFK,1998-02-11 00:49,-5.67
PAFK,1998-02-11 18:49,-6.29
PAFK,1998-02-11 19:49,-6.29
PAFK,1998-02-11 21:49,-4.11
PAFK,1998-02-11 23:49,-0.12
PAFK,1998-02-12 01:49,-2.18
PAFK,1998-02-12 20:49,0.09
PAFK,1998-02-12 22:49,2.20
PAFK,1998-02-13 00:49,4.30
PAFK,1998-02-14 18:49,-22.00
PAFK,1998-02-14 19:49,-23.80
PAFK,1998-02-14 23:49,-10.42
PAFK,1998-02-15 17:49,M
PAFK,1998-02-15 18:49,M
PAFK,1998-02-15 20:49,M
PAFK,1998-02-15 21:49,-26.87
PAFK,1998-02-15 23:49,-10.41
PAFK,1998-02-16 00:49,-8.35
PAFK,1998-02-16 16:49,M
PAFK,1998-02-16 18:49,M
PAFK,1998-02-16 19:49,M
PAFK,1998-02-16 20:49,M
PAFK,1998-02-16 22:49,-16.58
PAFK,1998-02-17 01:49,-10.41
PAFK,1998-02-17 16:49,-33.04
PAFK,1998-02-17 19:49,-28.93
PAFK,1998-02-17 20:49,-24.81
PAFK,1998-02-17 22:49,-16.36
PAFK,1998-02-17 23:49,-15.66
PAFK,1998-02-18 16:49,-19.10
PAFK,1998-02-18 17:49,-19.99
PAFK,1998-02-18 18:49,-18.50
PAFK,1998-02-18 20:49,-13.58
PAFK,1998-02-18 22:49,-11.32
PAFK,1998-02-19 01:49,-11.36
PAFK,1998-02-19 18:49,-13.00
PAFK,1998-02-19 21:49,-8.35
PAFK,1998-02-19 22:49,-4.24
PAFK,1998-02-19 23:49,-4.11
PAFK,1998-02-20 00:49,-4.82
PAFK,1998-02-20 01:49,-10.06
PAFK,1998-02-20 16:49,-14.80
PAFK,1998-02-20 19:49,-16.58
PAFK,1998-02-20 20:49,-12.47
PAFK,1998-02-21 16:49,-22.75
PAFK,1998-02-21 20:49,-12.47
PAFK,1998-02-21 21:49,-10.41
PAFK,1998-02-21 23:49,-6.29
PAFK,1998-02-22 00:49,-6.29
PAFK,1998-02-22 17:49,-14.80
PAFK,1998-02-22 18:49,-14.80
PAFK,1998-02-22 19:49,-13.00
PAFK,1998-02-22 21:49,-6.29
PAFK,1998-02-22 22:49,2.20
PAFK,1998-02-22 23:49,4.30
PAFK,1998-02-23 01:49,8.50
PAFK,1998-02-23 21:49,30.79
PAFK,1998-02-23 23:49,32.98
PAFK,1998-02-24 00:49,31.57
PAFK,1998-02-24 17:49,10.60
PAFK,1998-02-24 18:49,16.00
PAFK,1998-02-24 19:49,28.53
PAFK,1998-02-24 21:49,30.23
PAFK,1998-02-24 22:49,32.98
PAFK,1998-02-25 00:49,29.29
PAFK,1998-02-25 01:49,28.87
PAFK,1998-02-25 17:49,4.30
PAFK,1998-02-25 19:49,12.23
PAFK,1998-02-25 20:49,18.40
PAFK,1998-02-25 21:49,19.01
PAFK,1998-02-26 00:49,22.52
PAFK,1998-02-26 17:49,1.94
PAFK,1998-02-26 20:49,17.84
PAFK,1998-02-26 21:49,12.71
PAFK,1998-02-27 01:49,9.42
PAFK,1998-02-27 17:49,1.94
PAFK,1998-02-27 18:49,1.94
PAFK,1998-02-27 19:49,-0.12
PAFK,1998-02-27 20:49,4.00
PAFK,1998-02-27 21:49,1.94
PAFK,1998-02-27 22:49,4.00
PAFK,1998-02-27 23:49,0.74
PAFK,1998-02-28 00:49,-0.12
PAFK,1998-02-28 17:49,-20.20
PAFK,1998-02-28 18:49,-33.54
PAFK,1998-02-28 20:49,-2.20
PAFK,1998-03-01 01:49,3.85
PAFK,1998-03-01 16:49,-20.20
PAFK,1998-03-01 17:49,M
PAFK,1998-03-01 19:49,-20.70
PAFK,1998-03-02 01:49,1.94
PAFK,1998-03-02 18:49,-22.75
PAFK,1998-03-02 19:49,-16.58
PAFK,1998-03-02 21:49,6.05
PAFK,1998-03-03 17:49,-26.50
PAFK,1998-03-03 19:49,-16.72
PAFK,1998-03-03 20:49,-4.24
PAFK,1998-03-03 22:49,2.82
PAFK,1998-03-03 23:49,2.88
PAFK,1998-03-04 00:49,8.50
PAFK,1998-03-04 01:49,10.60
PAFK,1998-03-04 16:49,-8.35
PAFK,1998-03-04 17:49,-8.35
PAFK,1998-03-04 18:49,-8.35
PAFK,1998-03-04 20:49,0.09
PAFK,1998-03-05 00:49,9.42
PAFK,1998-03-05 01:49,7.23
PAFK,1998-03-05 16:49,-24.67
PAFK,1998-03-05 20:49,-0.48
PAFK,1998-03-05 21:49,-0.28
PAFK,1998-03-05 23:49,4.91
PAFK,1998-03-06 00:49,1.38
PAFK,1998-03-06 01:49,8.19
PAFK,1998-03-06 17:49,-10.41
PAFK,1998-03-06 19:49,-3.53
PAFK,1998-03-06 20:49,-2.65
PAFK,1998-03-06 21:49,-4.71
PAFK,1998-03-06 22:49,-4.12
PAFK,1998-03-07 16:49,-12.52
PAFK,1998-03-07 18:49,-12.08
PAFK,1998-03-07 22:49,10.36
PAFK,1998-03-07 23:49,13.57
PAFK,1998-03-08 00:49,15.97
PAFK,1998-03-08 17:49,-2.18
PAFK,1998-03-08 19:49,4.00
PAFK,1998-03-09 20:49,2.20
PAFK,1998-03-09 23:49,12.71
PAFK,1998-03-10 01:49,12.23
PAFK,1998-03-10 16:49,-9.40
PAFK,1998-03-10 18:49,-10.41
PAFK,1998-03-10 20:49,6.05
PAFK,1998-03-10 23:49,10.81
PAFK,1998-03-11 00:49,15.71
PAFK,1998-03-11 16:49,-20.70
PAFK,1998-03-11 18:49,-7.60
PAFK,1998-03-11 21:49,6.05
PAFK,1998-03-11 23:49,12.23
PAFK,1998-03-12 00:49,12.71
PAFK,1998-03-12 01:49,10.17
PAFK,1998-03-13 01:49,38.77
PAFK,1998-03-13 18:49,9.29
PAFK,1998-03-13 22:49,41.85
PAFK,1998-03-13 23:49,43.50
PAFK,1998-03-14 00:49,30.67
PAFK,1998-03-14 01:49,32.81
PAFK,1998-03-14 16:49,23.36
PAFK,1998-03-14 18:49,32.98
PAFK,1998-03-14 21:49,40.03
PAFK,1998-03-14 22:49,38.77
PAFK,1998-03-14 23:49,39.63
PAFK,1998-03-15 16:49,25.53
PAFK,1998-03-15 18:49,29.17
PAFK,1998-03-15 19:49,31.36
PAFK,1998-03-15 20:49,32.47
PAFK,1998-03-15 21:49,36.37
PAFK,1998-03-16 18:49,33.84
PAFK,1998-03-16 23:49,36.51
PAFK,1998-03-17 00:49,35.75
PAFK,1998-03-17 17:49,31.17
PAFK,1998-03-17 20:49,30.11
PAFK,1998-03-17 22:49,30.11
PAFK,1998-03-18 17:49,32.47
PAFK,1998-03-18 18:49,35.75
PAFK,1998-03-18 20:49,37.11
PAFK,1998-03-18 23:49,34.78
PAFK,1998-03-19 00:49,37.11
PAFK,1998-03-19 01:49,32.45
PAFK,1998-03-19 18:49,31.17
PAFK,1998-03-19 19:49,32.45
PAFK,1998-03-19 20:49,32.45
PAFK,1998-03-19 21:49,31.34
PAFK,1998-03-19 22:49,33.48
PAFK,1998-03-19 23:49,36.58
PAFK,1998-03-20 16:49,38.54
PAFK,1998-03-20 22:49,43.28
PAFK,1998-03-21 16:49,28.53
PAFK,1998-03-21 20:49,34.95
PAFK,1998-03-21 21:49,37.08
PAFK,1998-03-22 00:49,39.22
PAFK,1998-03-22 17:49,24.80
PAFK,1998-03-22 20:49,31.62
PAFK,1998-03-22 22:49,35.20
PAFK,1998-03-22 23:49,37.08
PAFK,1998-03-23 01:49,37.08
PAFK,1998-03-23 17:49,30.76
PAFK,1998-03-23 18:49,33.73
PAFK,1998-03-23 19:49,31.62
PAFK,1998-03-23 20:49,29.87
PAFK,1998-03-23 21:49,29.17
PAFK,1998-03-23 22:49,29.52
PAFK,1998-03-24 16:49,29.17
PAFK,1998-03-24 18:49,28.55
PAFK,1998-03-24 19:49,30.23
PAFK,1998-03-24 22:49,36.51
PAFK,1998-03-24 23:49,39.18
PAFK,1998-03-25 17:49,32.03
PAFK,1998-03-25 18:49,31.36
PAFK,1998-03-26 00:49,34.20
PAFK,1998-03-26 16:49,24.80
PAFK,1998-03-26 17:49,26.60
PAFK,1998-03-26 18:49,22.52
PAFK,1998-03-26 19:49,24.57
PAFK,1998-03-26 20:49,26.63
PAFK,1998-03-26 22:49,18.84
PAFK,1998-03-27 00:49,16.96
PAFK,1998-03-27 16:49,10.17
PAFK,1998-03-27 21:49,12.71
PAFK,1998-03-27 22:49,12.71
PAFK,1998-03-28 16:49,17.42
PAFK,1998-03-28 17:49,17.42
PAFK,1998-03-28 18:49,17.42
PAFK,1998-03-28 19:49,18.45
PAFK,1998-03-28 20:49,16.75
PAFK,1998-03-28 22:49,23.11
PAFK,1998-03-28 23:49,25.45
PAFK,1998-03-29 00:49,23.11
PAFK,1998-03-29 01:49,23.48
PAFK,1998-03-29 16:49,21.11
PAFK,1998-03-29 18:49,26.63
PAFK,1998-03-29 19:49,27.42
PAFK,1998-03-29 20:49,27.70
PAFK,1998-03-29 21:49,24.11
PAFK,1998-03-29 22:49,20.71
PAFK,1998-03-29 23:49,18.45
PAFK,1998-03-30 00:49,20.39
PAFK,1998-03-30 01:49,18.45
PAFK,1998-03-30 16:49,-8.31
PAFK,1998-03-30 18:49,4.00
PAFK,1998-03-30 19:49,8.50
PAFK,1998-03-30 21:49,15.71
PAFK,1998-03-30 23:49,19.98
PAFK,1998-03-31 01:49,23.22
PAFK,1998-03-31 17:49,9.58
PAFK,1998-03-31 20:49,11.35
PAFK,1998-03-31 21:49,14.05
PAFK,1998-03-31 22:49,15.73
PAFK,1998-03-31 23:49,17.38
PAFK,1998-04-01 01:49,17.38
PAFK,1998-04-01 17:49,22.52
PAFK,1998-04-01 18:49,24.57
PAFK,1998-04-01 19:49,20.39
PAFK,1998-04-01 23:49,22.59
PAFK,1998-04-02 00:49,25.53
PAFK,1998-04-02 16:49,17.38
PAFK,1998-04-02 17:49,19.14
PAFK,1998-04-02 18:49,17.81
PAFK,1998-04-02 19:49,18.85
PAFK,1998-04-02 20:49,20.08
PAFK,1998-04-02 23:49,20.99
PAFK,1998-04-03 00:49,20.25
PAFK,1998-04-03 01:49,20.99
PAFK,1998-04-03 17:49,32.00
PAFK,1998-04-03 18:49,31.17
PAFK,1998-04-03 19:49,36.51
PAFK,1998-04-04 17:49,23.36
PAFK,1998-04-04 22:49,39.63
PAFK,1998-04-05 00:49,40.71
PAFK,1998-04-05 19:49,37.08
PAFK,1998-04-05 20:49,40.71
PAFK,1998-04-05 21:49,41.36
PAFK,1998-04-05 23:49,44.24
PAFK,1998-04-06 00:49,42.13
PAFK,1998-04-06 16:49,16.34
PAFK,1998-04-06 18:49,26.63
PAFK,1998-04-06 19:49,27.42
PAFK,1998-04-06 23:49,31.36
PAFK,1998-04-07 16:49,26.60
PAFK,1998-04-07 17:49,28.40
PAFK,1998-04-07 18:49,28.40
PAFK,1998-04-08 16:49,26.63
PAFK,1998-04-08 22:49,33.73
PAFK,1998-04-08 23:49,33.73
PAFK,1998-04-09 21:49,28.96
PAFK,1998-04-09 22:49,28.70
PAFK,1998-04-09 23:49,27.56
PAFK,1998-04-10 01:49,28.96
PAFK,1998-04-10 17:49,28.12
PAFK,1998-04-10 18:49,28.12
PAFK,1998-04-10 19:49,29.23
PAFK,1998-04-10 20:49,33.46
PAFK,1998-04-10 21:49,35.08
PAFK,1998-04-10 22:49,32.45
PAFK,1998-04-10 23:49,35.75
PAFK,1998-04-11 00:49,36.51
PAFK,1998-04-11 19:49,28.69
PAFK,1998-04-11 21:49,28.69
PAFK,1998-04-11 22:49,31.62
PAFK,1998-04-11 23:49,31.62
PAFK,1998-04-12 00:49,30.67
PAFK,1998-04-12 16:49,4.30
PAFK,1998-04-12 18:49,24.26
PAFK,1998-04-12 23:49,31.36
PAFK,1998-04-13 01:49,32.03
PAFK,1998-04-13 16:49,21.53
PAFK,1998-04-13 22:49,31.60
PAFK,1998-04-14 17:49,34.25
PAFK,1998-04-14 20:49,38.77
PAFK,1998-04-14 21:49,38.77
PAFK,1998-04-14 23:49,42.33
PAFK,1998-04-15 01:49,38.77
PAFK,1998-04-15 16:49,32.00
PAFK,1998-04-15 22:49,43.66
PAFK,1998-04-15 23:49,41.85
PAFK,1998-04-16 01:49,41.03
PAFK,1998-04-16 16:49,29.87
PAFK,1998-04-16 17:49,32.81
PAFK,1998-04-16 21:49,42.87
PAFK,1998-04-17 01:49,40.71
PAFK,1998-04-17 16:49,22.52
PAFK,1998-04-17 22:49,51.80
PAFK,1998-04-18 01:49,44.07
PAFK,1998-04-18 16:49,36.51
PAFK,1998-04-18 20:49,40.33
PAFK,1998-04-18 21:49,41.85
PAFK,1998-04-19 00:49,43.28
PAFK,1998-04-19 01:49,51.80
PAFK,1998-04-19 16:49,36.51
PAFK,1998-04-19 18:49,39.63
PAFK,1998-04-19 20:49,41.03
PAFK,1998-04-20 00:49,46.29
PAFK,1998-04-20 17:49,36.94
PAFK,1998-04-20 22:49,42.87
PAFK,1998-04-20 23:49,32.00
PAFK,1998-04-21 21:49,39.22
PAFK,1998-04-22 00:49,33.84
PAFK,1998-04-22 20:49,37.93
PAFK,1998-04-23 22:49,48.44
PAFK,1998-04-23 23:49,49.27
PAFK,1998-04-24 00:49,53.60
PAFK,1998-04-24 16:49,30.76
PAFK,1998-04-24 17:49,34.70
PAFK,1998-04-24 18:49,40.14
PAFK,1998-04-25 21:49,35.75
PAFK,1998-04-26 00:49,37.42
PAFK,1998-04-26 18:49,27.42
PAFK,1998-04-27 00:49,40.14
PAFK,1998-04-27 21:49,40.66
PAFK,1998-04-27 22:49,43.66
PAFK,1998-04-28 00:49,19.68
PAFK,1998-04-28 22:49,26.63
PAFK,1998-04-29 16:49,12.71
PAFK,1998-04-29 18:49,19.98
PAFK,1998-04-29 19:49,23.22
PAFK,1998-04-30 21:49,26.86
PAFK,1998-04-30 23:49,28.87
PAFK,1998-05-01 01:49,27.78
PAFK,1998-05-01 16:49,31.57
PAFK,1998-05-01 17:49,34.25
PAFK,1998-05-01 18:49,32.15
PAFK,1998-05-01 20:49,36.51
PAFK,1998-05-02 00:49,41.03
PAFK,1998-05-03 01:49,30.44
PAFK,1998-05-03 18:49,25.32
PAFK,1998-05-03 19:49,25.32
PAFK,1998-05-03 20:49,26.40
PAFK,1998-05-06 01:49,53.60
PAFK,1998-05-06 16:49,39.18
PAFK,1998-05-06 17:49,42.33
PAFK,1998-05-06 20:49,42.87
PAFK,1998-05-08 20:49,36.84
PAFK,1998-05-09 22:49,44.91
PAFK,1998-05-10 00:49,43.66
PAFK,1998-05-10 01:49,45.04
PAFK,1998-05-10 18:49,32.81
PAFK,1998-05-10 19:49,35.83
PAFK,1998-05-11 21:49,36.92
PAFK,1998-05-11 22:49,37.40
PAFK,1998-05-12 00:49,35.83
PAFK,1998-05-12 16:49,33.56
PAFK,1998-05-12 17:49,36.37
PAFK,1998-05-12 18:49,35.75
PAFK,1998-05-12 19:49,37.42
PAFK,1998-05-13 22:49,38.54
PAFK,1998-05-14 18:49,35.83
PAFK,1998-05-14 20:49,36.37
PAFK,1998-05-15 22:49,40.27
PAFK,1998-05-16 00:49,43.66
PAFK,1998-05-17 21:49,41.73
PAFK,1998-05-17 23:49,42.34
PAFK,1998-05-18 00:49,51.80
PAFK,1998-05-18 19:49,42.68
PAFK,1998-05-18 20:49,42.86
PAFK,1998-05-19 23:49,53.60
PAFK,1998-05-20 22:49,55.40
PAFK,1998-05-21 17:49,41.85
PAFK,1998-05-21 20:49,51.80
PAFK,1998-05-22 22:49,64.40
PAFK,1998-05-23 00:49,64.40
PAFK,1998-05-23 01:49,59.00
PAFK,1998-05-23 21:49,42.62
PAFK,1998-05-23 22:49,41.78
PAFK,1998-05-23 23:49,43.66
PAFK,1998-05-24 00:49,43.28
PAFK,1998-05-24 20:49,55.40
PAFK,1998-05-24 21:49,57.20
PAFK,1998-05-24 22:49,57.20
PAFK,1998-05-24 23:49,59.00
PAFK,1998-05-25 00:49,60.80
PAFK,1998-05-25 22:49,64.40
PAFK,1998-05-25 23:49,62.60
PAFK,1998-05-26 01:49,60.80
PAFK,1998-05-26 21:49,55.40
PAFK,1998-05-26 23:49,57.20
PAFK,1998-05-27 01:49,57.20
PAFK,1998-05-27 23:49,57.20
PAFK,1998-05-28 16:49,44.24
PAFK,1998-05-28 23:49,53.60
PAFK,1998-05-29 16:49,57.20
PAFK,1998-05-29 17:49,60.80
PAFK,1998-05-29 18:49,60.80
PAFK,1998-05-29 20:49,64.40
PAFK,1998-05-29 22:49,66.20
PAFK,1998-05-29 23:49,66.20
PAFK,1998-05-30 00:49,68.00
PAFK,1998-05-30 18:49,62.60
PAFK,1998-05-30 19:49,57.20
PAFK,1998-05-30 23:49,64.40
PAFK,1998-05-31 01:49,53.60
PAFK,1998-05-31 19:49,55.40
PAFK,1998-05-31 20:49,53.60
PAFK,1998-05-31 21:49,51.80
PAFK,1998-05-31 23:49,51.80
PAFK,1998-06-01 00:49,55.40
PAFK,1998-06-01 01:49,53.60
PAFK,1998-06-01 17:49,48.44
PAFK,1998-06-01 18:49,51.80
PAFK,1998-06-01 19:49,44.53
PAFK,1998-06-01 22:49,51.80
PAFK,1998-06-01 23:49,51.80
PAFK,1998-06-02 00:49,57.20
PAFK,1998-06-02 01:49,53.60
PAFK,1998-06-02 21:49,40.33
PAFK,1998-06-02 22:49,47.77
PAFK,1998-07-18 19:49,53.60
PAFK,1998-07-21 00:49,69.80
PAFK,1998-07-26 19:49,53.60
PAFK,1998-07-30 17:49,51.80
PAFK,1998-07-30 21:49,60.80
PAFK,1998-08-09 01:49,51.80
PAFK,1998-08-09 16:49,50.00
PAFK,1998-08-28 16:49,33.80
PAFK,1998-09-08 17:49,46.40
PAFK,1998-09-16 20:49,55.40
PAFK,1998-09-30 20:49,28.69
PAFK,1998-10-01 17:49,16.91
PAFK,1998-10-01 21:49,24.11
PAFK,1998-10-02 17:49,12.23
PAFK,1998-10-06 21:49,23.51
PAFK,1998-10-07 17:49,13.03
PAFK,1998-10-11 17:49,31.09
PAFK,1998-10-11 19:49,35.87
PAFK,1998-10-12 01:49,34.50
PAFK,1998-10-12 20:49,36.51
PAFK,1998-10-13 22:49,28.53
PAFK,1998-10-14 16:49,19.01
PAFK,1998-10-16 00:49,24.78
PAFK,1998-10-16 23:49,25.32
PAFK,1998-10-17 00:49,25.32
PAFK,1998-10-17 01:49,26.63
PAFK,1998-10-17 16:49,14.81
PAFK,1998-10-17 18:49,18.40
PAFK,1998-10-17 19:49,17.84
PAFK,1998-10-17 20:49,19.98
PAFK,1998-10-18 20:49,30.23
PAFK,1998-10-19 20:49,42.33
PAFK,1998-10-20 21:49,31.62
PAFK,1998-10-20 23:49,30.67
PAFK,1998-10-21 00:49,29.87
PAFK,1998-10-21 01:49,26.97
PAFK,1998-10-21 16:49,28.40
PAFK,1998-10-21 17:49,22.52
PAFK,1998-10-21 18:49,22.52
PAFK,1998-10-21 20:49,28.69
PAFK,1998-10-22 00:49,32.80
PAFK,1998-10-22 17:49,22.97
PAFK,1998-10-22 19:49,26.33
PAFK,1998-10-22 21:49,31.36
PAFK,1998-10-22 22:49,34.95
PAFK,1998-10-24 00:49,15.24
PAFK,1998-10-24 22:49,37.93
PAFK,1998-10-25 00:49,38.54
PAFK,1998-10-25 18:49,11.43
PAFK,1998-10-25 23:49,28.53
PAFK,1998-10-26 19:49,26.58
PAFK,1998-10-26 20:49,26.58
PAFK,1998-10-26 21:49,26.46
PAFK,1998-10-26 22:49,30.23
PAFK,1998-10-28 20:49,29.74
PAFK,1998-10-31 17:49,12.23
PAFK,1998-10-31 20:49,19.68
PAFK,1998-11-01 00:49,28.87
PAFK,1998-11-02 01:49,31.60
PAFK,1998-11-03 17:49,24.26
PAFK,1998-11-03 18:49,21.19
PAFK,1998-11-03 20:49,22.12
PAFK,1998-11-04 01:49,42.94
PAFK,1998-11-04 23:49,23.22
PAFK,1998-11-05 16:49,28.40
PAFK,1998-11-05 21:49,33.80
PAFK,1998-11-05 22:49,33.73
PAFK,1998-11-06 22:49,31.17
PAFK,1998-11-07 18:49,17.46
PAFK,1998-11-07 21:49,23.22
PAFK,1998-11-07 22:49,23.22
PAFK,1998-11-08 19:49,28.49
PAFK,1998-11-08 22:49,38.70
PAFK,1998-11-09 17:49,36.51
PAFK,1998-11-10 16:49,14.00
PAFK,1998-11-10 17:49,8.11
PAFK,1998-11-11 22:49,17.60
PAFK,1998-11-12 01:49,10.60
PAFK,1998-11-12 19:49,0.74
PAFK,1998-11-13 19:49,3.20
PAFK,1998-11-14 18:49,-12.47
PAFK,1998-11-14 22:49,-4.71
PAFK,1998-11-15 00:49,-4.24
PAFK,1998-11-15 17:49,-11.20
PAFK,1998-11-15 19:49,-9.40
PAFK,1998-11-15 21:49,-0.40
PAFK,1998-11-16 21:49,1.94
PAFK,1998-11-16 22:49,1.94
PAFK,1998-11-17 22:49,5.03
PAFK,1998-11-17 23:49,6.02
PAFK,1998-11-18 00:49,7.16
PAFK,1998-11-19 01:49,28.12
PAFK,1998-11-20 00:49,14.00
PAFK,1998-11-20 17:49,-2.20
PAFK,1998-11-20 19:49,-6.21
PAFK,1998-11-20 22:49,4.00
PAFK,1998-11-21 01:49,4.00
PAFK,1998-11-21 22:49,4.00
PAFK,1998-11-22 00:49,10.40
PAFK,1998-11-22 20:49,5.00
PAFK,1998-11-22 22:49,-2.18
PAFK,1998-11-23 16:49,-12.47
PAFK,1998-11-23 18:49,-5.80
PAFK,1998-11-23 20:49,-4.00
PAFK,1998-11-24 21:49,1.40
PAFK,1998-11-25 01:49,-11.20
PAFK,1998-11-25 17:49,-2.20
PAFK,1998-11-25 18:49,-4.00
PAFK,1998-11-25 19:49,-5.80
PAFK,1998-11-26 01:49,-2.20
PAFK,1998-11-26 16:49,-5.80
PAFK,1998-11-26 21:49,-11.20
PAFK,1998-11-27 00:49,-4.00
PAFK,1998-11-27 01:49,-9.40
PAFK,1998-11-27 19:49,-5.49
PAFK,1998-11-28 00:49,2.11
PAFK,1998-11-28 22:49,6.40
PAFK,1998-11-29 19:49,6.05
PAFK,1998-11-29 22:49,4.00
PAFK,1998-11-30 00:49,4.00
PAFK,1998-11-30 16:49,-16.72
PAFK,1998-11-30 22:49,-12.47
PAFK,1998-12-01 22:49,10.40
PAFK,1998-12-02 18:49,6.80
PAFK,1998-12-02 19:49,8.60
PAFK,1998-12-02 22:49,10.40
PAFK,1998-12-03 21:49,14.65
PAFK,1998-12-04 17:49,17.60
PAFK,1998-12-04 18:49,14.00
PAFK,1998-12-04 19:49,14.00
PAFK,1998-12-05 16:49,8.19
PAFK,1998-12-05 19:49,-10.42
PAFK,1998-12-05 20:49,-12.08
PAFK,1998-12-05 22:49,-18.82
PAFK,1998-12-06 00:49,-25.13
PAFK,1998-12-06 16:49,-4.12
PAFK,1998-12-06 17:49,-7.22
PAFK,1998-12-06 18:49,-3.20
PAFK,1998-12-06 19:49,-0.91
PAFK,1998-12-06 22:49,4.16
PAFK,1998-12-07 16:49,-18.82
PAFK,1998-12-07 18:49,-12.47
PAFK,1998-12-07 20:49,-13.49
PAFK,1998-12-07 22:49,3.20
PAFK,1998-12-08 01:49,-0.40
PAFK,1998-12-08 21:49,-14.80
PAFK,1998-12-08 23:49,-13.00
PAFK,1998-12-09 18:49,-18.82
PAFK,1998-12-09 20:49,-16.58
PAFK,1998-12-09 22:49,-16.58
PAFK,1998-12-10 18:49,-14.80
PAFK,1998-12-10 19:49,-14.80
PAFK,1998-12-10 20:49,-14.80
PAFK,1998-12-10 22:49,-28.93
PAFK,1998-12-11 00:49,M
PAFK,1998-12-11 01:49,M
PAFK,1998-12-11 20:49,M
PAFK,1998-12-11 23:49,M
PAFK,1998-12-12 19:49,-30.07
PAFK,1998-12-12 21:49,-30.07
PAFK,1998-12-13 01:49,-30.07
PAFK,1998-12-14 19:49,-22.00
PAFK,1998-12-14 21:49,-26.87
PAFK,1998-12-15 22:49,-41.39
PAFK,1998-12-16 01:49,M
PAFK,1998-12-16 19:49,M
PAFK,1998-12-16 20:49,M
PAFK,1998-12-17 00:49,M
PAFK,1998-12-17 18:49,M
PAFK,1998-12-17 20:49,-35.60
PAFK,1998-12-18 01:49,-30.20
PAFK,1998-12-18 19:49,20.74
PAFK,1998-12-19 01:49,21.27
PAFK,1998-12-19 17:49,27.78
PAFK,1998-12-19 21:49,26.86
PAFK,1998-12-19 22:49,26.58
PAFK,1998-12-20 00:49,27.48
PAFK,1998-12-20 19:49,18.45
PAFK,1998-12-21 21:49,21.20
PAFK,1998-12-21 23:49,21.20
PAFK,1998-12-22 00:49,19.40
PAFK,1998-12-22 16:49,-3.53
PAFK,1998-12-22 17:49,-0.12
PAFK,1998-12-22 18:49,-4.11
PAFK,1998-12-22 19:49,-0.48
PAFK,1998-12-23 19:49,-22.16
PAFK,1998-12-23 22:49,1.40
PAFK,1998-12-24 17:49,-9.40
PAFK,1998-12-24 19:49,-13.00
PAFK,1998-12-24 21:49,-9.40
PAFK,1998-12-24 22:49,-18.64
PAFK,1998-12-25 00:49,-7.81
PAFK,1998-12-25 01:49,-18.82
PAFK,1998-12-26 18:49,-14.80
PAFK,1998-12-26 20:49,-13.00
PAFK,1998-12-26 23:49,-11.20
PAFK,1998-12-27 23:49,-16.72
PAFK,1998-12-28 00:49,-18.82
PAFK,1998-12-28 01:49,-23.03
PAFK,1998-12-28 20:49,-20.20
PAFK,1998-12-28 22:49,-31.32
PAFK,1998-12-29 17:49,-14.52
PAFK,1998-12-29 20:49,-16.58
PAFK,1998-12-29 22:49,-18.64
PAFK,1998-12-30 17:49,M
PAFK,1998-12-30 21:49,-29.33
PAFK,1998-12-30 22:49,-11.20
PAFK,1998-12-30 23:49,-11.20
PAFK,1998-12-31 01:49,-26.87
PAFK,1998-12-31 16:49,-18.64
PAFK,1999-01-01 00:49,-14.80
PAFK,1999-01-01 17:49,-18.02
PAFK,1999-01-01 18:49,-16.91
PAFK,1999-01-01 19:49,-15.66
PAFK,1999-01-01 21:49,-2.20
PAFK,1999-01-02 17:49,-11.20
PAFK,1999-01-02 22:49,-18.40
PAFK,1999-01-03 16:49,M
PAFK,1999-01-03 17:49,M
PAFK,1999-01-03 18:49,M
PAFK,1999-01-03 19:49,M
PAFK,1999-01-04 16:49,M
PAFK,1999-01-04 21:49,-35.64
PAFK,1999-01-04 22:49,M
PAFK,1999-01-04 23:49,-23.80
PAFK,1999-01-05 17:49,M
PAFK,1999-01-05 21:49,-31.43
PAFK,1999-01-05 22:49,-24.91
PAFK,1999-01-06 18:49,M
PAFK,1999-01-06 21:49,M
PAFK,1999-01-07 01:49,M
PAFK,1999-01-07 17:49,M
PAFK,1999-01-07 19:49,M
PAFK,1999-01-09 19:49,-18.82
PAFK,1999-01-09 20:49,-18.82
PAFK,1999-01-09 23:49,-22.16
PAFK,1999-01-10 21:49,-16.36
PAFK,1999-01-11 16:49,-12.52
PAFK,1999-01-11 19:49,-6.99
PAFK,1999-01-11 21:49,-5.67
PAFK,1999-01-12 00:49,-5.94
PAFK,1999-01-12 16:49,-4.11
PAFK,1999-01-12 21:49,24.29
PAFK,1999-01-12 22:49,23.48
PAFK,1999-01-12 23:49,24.29
PAFK,1999-01-13 00:49,23.48
PAFK,1999-01-13 19:49,10.60
PAFK,1999-01-13 20:49,17.60
PAFK,1999-01-13 21:49,9.29
PAFK,1999-01-14 17:49,12.20
PAFK,1999-01-14 23:49,15.80
PAFK,1999-01-15 16:49,-4.00
PAFK,1999-01-15 18:49,-4.00
PAFK,1999-01-15 20:49,-4.00
PAFK,1999-01-15 22:49,-18.82
PAFK,1999-01-18 22:49,-0.40
PAFK,1999-01-18 23:49,-14.22
PAFK,1999-01-19 22:49,-26.87
PAFK,1999-01-19 23:49,-29.33
PAFK,1999-01-20 21:49,M
PAFK,1999-01-20 22:49,M
PAFK,1999-01-21 00:49,M
PAFK,1999-01-21 19:49,M
PAFK,1999-01-21 20:49,M
PAFK,1999-01-21 23:49,-16.60
PAFK,1999-01-22 19:49,3.19
PAFK,1999-01-22 22:49,-0.64
PAFK,1999-01-23 01:49,7.19
PAFK,1999-01-23 18:49,23.11
PAFK,1999-01-23 19:49,26.58
PAFK,1999-01-23 20:49,29.74
PAFK,1999-01-23 21:49,29.74
PAFK,1999-01-23 22:49,27.48
PAFK,1999-01-23 23:49,27.99
PAFK,1999-01-24 19:49,8.19
PAFK,1999-01-24 21:49,19.40
PAFK,1999-01-24 22:49,11.43
PAFK,1999-01-25 17:49,-4.11
PAFK,1999-01-25 18:49,-2.18
PAFK,1999-01-25 21:49,-0.40
PAFK,1999-01-26 00:49,-18.50
PAFK,1999-01-26 01:49,-18.64
PAFK,1999-01-26 17:49,-35.75
PAFK,1999-01-26 18:49,-37.97
PAFK,1999-01-26 20:49,-28.93
PAFK,1999-01-27 00:49,-31.43
PAFK,1999-01-27 22:49,-23.80
PAFK,1999-01-29 17:49,M
PAFK,1999-01-29 19:49,M
PAFK,1999-01-29 22:49,-28.93
PAFK,1999-01-30 21:49,M
PAFK,1999-01-31 21:49,M
PAFK,1999-01-31 22:49,M
PAFK,1999-02-01 01:49,M
PAFK,1999-02-01 18:49,M
PAFK,1999-02-01 20:49,M
PAFK,1999-02-01 22:49,M
PAFK,1999-02-02 18:49,M
PAFK,1999-02-02 21:49,M
PAFK,1999-02-03 18:49,M
PAFK,1999-02-03 23:49,M
PAFK,1999-02-04 23:49,M
PAFK,1999-02-05 00:49,M
PAFK,1999-02-06 00:49,M
PAFK,1999-02-06 17:49,M
PAFK,1999-02-06 18:49,M
PAFK,1999-02-06 19:49,M
PAFK,1999-02-07 00:49,-39.51
PAFK,1999-02-07 16:49,M
PAFK,1999-02-07 19:49,M
PAFK,1999-02-07 20:49,M
PAFK,1999-02-07 22:49,M
PAFK,1999-02-08 17:49,M
PAFK,1999-02-08 19:49,M
PAFK,1999-02-08 20:49,M
PAFK,1999-02-08 22:49,M
PAFK,1999-02-08 23:49,M
PAFK,1999-02-09 00:49,M
PAFK,1999-02-09 16:49,M
PAFK,1999-02-09 18:49,M
PAFK,1999-02-09 23:49,M
PAFK,1999-02-10 17:49,M
PAFK,1999-02-11 16:49,M
PAFK,1999-02-11 17:49,M
PAFK,1999-02-11 21:49,M
PAFK,1999-02-11 22:49,-38.85
PAFK,1999-02-12 19:49,M
PAFK,1999-02-12 20:49,M
PAFK,1999-02-12 22:49,-31.43
PAFK,1999-02-12 23:49,-31.32
PAFK,1999-02-13 17:49,M
PAFK,1999-02-13 18:49,M
PAFK,1999-02-13 22:49,-27.23
PAFK,1999-02-14 01:49,-20.92
PAFK,1999-02-14 18:49,20.71
PAFK,1999-02-14 19:49,18.45
PAFK,1999-02-14 22:49,21.25
PAFK,1999-02-15 01:49,27.70
PAFK,1999-02-15 19:49,22.12
PAFK,1999-02-15 23:49,29.29
PAFK,1999-02-16 01:49,27.48
PAFK,1999-02-16 16:49,15.80
PAFK,1999-02-16 17:49,10.60
PAFK,1999-02-16 18:49,14.28
PAFK,1999-02-16 21:49,23.00
PAFK,1999-02-16 23:49,26.60
PAFK,1999-02-17 16:49,17.60
PAFK,1999-02-17 20:49,1.68
PAFK,1999-02-17 22:49,6.40
PAFK,1999-02-18 00:49,7.16
PAFK,1999-02-18 19:49,-0.12
PAFK,1999-02-18 23:49,14.00
PAFK,1999-02-19 17:49,6.05
PAFK,1999-02-19 18:49,6.40
PAFK,1999-02-19 23:49,19.68
PAFK,1999-02-20 01:49,19.71
PAFK,1999-02-20 17:49,13.78
PAFK,1999-02-20 18:49,15.01
PAFK,1999-02-20 19:49,14.36
PAFK,1999-02-20 21:49,17.38
PAFK,1999-02-20 23:49,18.85
PAFK,1999-02-21 00:49,19.44
PAFK,1999-02-21 19:49,18.84
PAFK,1999-02-21 23:49,16.75
PAFK,1999-02-22 00:49,16.75
PAFK,1999-02-22 01:49,16.75
PAFK,1999-02-22 16:49,-20.70
PAFK,1999-02-22 19:49,-4.00
PAFK,1999-02-22 20:49,-6.21
PAFK,1999-02-22 23:49,-4.71
PAFK,1999-02-23 17:49,-26.87
PAFK,1999-02-23 20:49,-12.47
PAFK,1999-02-23 23:49,14.00
PAFK,1999-02-24 00:49,17.60
PAFK,1999-02-24 17:49,-18.64
PAFK,1999-02-25 22:49,1.94
PAFK,1999-02-25 23:49,-4.12
PAFK,1999-02-26 00:49,-0.48
PAFK,1999-02-26 16:49,-18.64
PAFK,1999-02-27 16:49,1.40
PAFK,1999-02-27 19:49,-8.13
PAFK,1999-02-27 21:49,-5.94
PAFK,1999-02-27 22:49,-6.93
PAFK,1999-02-28 17:49,-4.00
PAFK,1999-02-28 20:49,-12.52
PAFK,1999-03-01 17:49,-16.36
PAFK,1999-03-01 19:49,-12.52
PAFK,1999-03-01 22:49,-10.42
PAFK,1999-03-01 23:49,-9.95
PAFK,1999-03-02 16:49,M
PAFK,1999-03-02 18:49,M
PAFK,1999-03-04 17:49,M
PAFK,1999-03-04 19:49,-30.99
PAFK,1999-03-04 23:49,-3.53
PAFK,1999-03-05 16:49,M
PAFK,1999-03-05 17:49,M
PAFK,1999-03-05 20:49,-23.03
PAFK,1999-03-05 21:49,-12.08
PAFK,1999-03-06 17:49,M
PAFK,1999-03-06 18:49,M
PAFK,1999-03-06 22:49,-7.81
PAFK,1999-03-07 16:49,M
PAFK,1999-03-07 18:49,-30.99
PAFK,1999-03-07 19:49,-20.92
PAFK,1999-03-07 20:49,-8.35
PAFK,1999-03-08 20:49,-23.03
PAFK,1999-03-08 22:49,-16.77
PAFK,1999-03-09 00:49,-19.23
PAFK,1999-03-09 21:49,-26.50
PAFK,1999-03-10 00:49,-22.45
PAFK,1999-03-10 01:49,-22.45
PAFK,1999-03-10 16:49,M
PAFK,1999-03-10 19:49,-37.74
PAFK,1999-03-10 23:49,-21.25
PAFK,1999-03-11 00:49,-16.91
PAFK,1999-03-11 18:49,-16.36
PAFK,1999-03-11 23:49,-4.82
PAFK,1999-03-12 17:49,-2.20
PAFK,1999-03-12 18:49,3.20
PAFK,1999-03-12 20:49,-13.15
PAFK,1999-03-13 01:49,-5.94
PAFK,1999-03-13 20:49,-6.99
PAFK,1999-03-14 17:49,16.86
PAFK,1999-03-14 18:49,21.90
PAFK,1999-03-14 20:49,29.17
PAFK,1999-03-15 17:49,10.40
PAFK,1999-03-15 21:49,18.40
PAFK,1999-03-16 17:49,-13.58
PAFK,1999-03-17 01:49,-3.53
PAFK,1999-03-17 21:49,-6.99
PAFK,1999-03-17 22:49,-4.71
PAFK,1999-03-18 00:49,0.74
PAFK,1999-03-18 01:49,-2.65
PAFK,1999-03-18 16:49,2.65
PAFK,1999-03-18 22:49,19.71
PAFK,1999-03-19 21:49,32.47
PAFK,1999-03-20 17:49,27.48
PAFK,1999-03-20 18:49,29.74
PAFK,1999-03-20 20:49,37.42
PAFK,1999-03-21 16:49,19.71
PAFK,1999-03-21 18:49,25.80
PAFK,1999-03-22 18:49,26.58
PAFK,1999-03-22 19:49,30.23
PAFK,1999-03-22 20:49,32.00
PAFK,1999-03-23 19:49,38.04
PAFK,1999-03-24 18:49,33.56
PAFK,1999-03-24 22:49,33.46
PAFK,1999-03-24 23:49,34.25
PAFK,1999-03-25 17:49,29.23
PAFK,1999-03-25 18:49,35.40
PAFK,1999-03-25 19:49,38.04
PAFK,1999-03-25 21:49,38.77
PAFK,1999-03-25 22:49,42.62
PAFK,1999-03-26 16:49,16.91
PAFK,1999-03-26 18:49,19.98
PAFK,1999-03-26 19:49,25.32
PAFK,1999-03-26 22:49,26.33
PAFK,1999-03-27 20:49,10.36
PAFK,1999-03-27 22:49,11.61
PAFK,1999-03-27 23:49,14.69
PAFK,1999-03-28 00:49,10.81
PAFK,1999-03-28 01:49,12.52
PAFK,1999-03-28 19:49,1.94
PAFK,1999-03-29 00:49,15.24
PAFK,1999-03-29 01:49,17.46
PAFK,1999-03-29 22:49,-1.86
PAFK,1999-03-29 23:49,-1.86
PAFK,1999-03-30 00:49,5.03
PAFK,1999-03-30 17:49,-8.35
PAFK,1999-03-30 18:49,-6.21
PAFK,1999-03-31 01:49,4.30
PAFK,1999-03-31 16:49,1.40
PAFK,1999-03-31 17:49,-2.18
PAFK,1999-03-31 21:49,20.71
PAFK,1999-04-01 00:49,20.78
PAFK,1999-04-01 17:49,16.34
PAFK,1999-04-01 21:49,34.25
PAFK,1999-04-01 22:49,34.25
PAFK,1999-04-02 00:49,34.70
PAFK,1999-04-02 01:49,26.58
PAFK,1999-04-02 16:49,-7.82
PAFK,1999-04-02 21:49,7.16
PAFK,1999-04-02 22:49,9.29
PAFK,1999-04-02 23:49,9.29
PAFK,1999-04-03 00:49,11.43
PAFK,1999-04-03 17:49,9.42
PAFK,1999-04-03 18:49,12.34
PAFK,1999-04-03 19:49,20.71
PAFK,1999-04-04 01:49,24.74
PAFK,1999-04-04 16:49,10.04
PAFK,1999-04-04 19:49,17.72
PAFK,1999-04-04 21:49,9.58
PAFK,1999-04-04 23:49,16.17
PAFK,1999-04-05 00:49,15.38
PAFK,1999-04-05 01:49,14.89
PAFK,1999-04-05 16:49,15.13
PAFK,1999-04-05 18:49,22.00
PAFK,1999-04-06 00:49,31.17
PAFK,1999-04-06 16:49,0.01
PAFK,1999-04-06 17:49,-2.38
PAFK,1999-04-06 18:49,-1.58
PAFK,1999-04-06 20:49,2.65
PAFK,1999-04-06 22:49,0.01
PAFK,1999-04-06 23:49,-2.38
PAFK,1999-04-07 01:49,0.79
PAFK,1999-04-07 16:49,-0.12
PAFK,1999-04-07 19:49,1.94
PAFK,1999-04-08 18:49,6.78
PAFK,1999-04-08 19:49,13.78
PAFK,1999-04-08 20:49,15.01
PAFK,1999-04-08 22:49,21.16
PAFK,1999-04-09 01:49,24.29
PAFK,1999-04-09 18:49,18.45
PAFK,1999-04-09 21:49,26.58
PAFK,1999-04-10 16:49,21.28
PAFK,1999-04-10 21:49,28.87
PAFK,1999-04-11 00:49,29.74
PAFK,1999-04-11 21:49,26.33
PAFK,1999-04-11 23:49,26.33
PAFK,1999-04-12 22:49,28.53
PAFK,1999-04-13 16:49,11.43
PAFK,1999-04-13 22:49,22.12
PAFK,1999-04-13 23:49,24.49
PAFK,1999-04-14 16:49,19.98
PAFK,1999-04-14 17:49,25.32
PAFK,1999-04-15 01:49,32.45
PAFK,1999-04-15 17:49,32.98
PAFK,1999-04-15 22:49,33.56
PAFK,1999-04-15 23:49,38.77
PAFK,1999-04-16 00:49,41.03
PAFK,1999-04-17 22:49,42.62
PAFK,1999-04-17 23:49,43.28
PAFK,1999-04-18 17:49,41.85
PAFK,1999-04-18 18:49,53.60
PAFK,1999-04-18 19:49,53.60
PAFK,1999-04-18 21:49,57.20
PAFK,1999-04-18 22:49,59.00
PAFK,1999-04-19 00:49,60.80
PAFK,1999-04-19 18:49,51.80
PAFK,1999-04-19 21:49,55.40
PAFK,1999-04-20 00:49,51.80
PAFK,1999-04-20 01:49,51.80
PAFK,1999-04-20 18:49,51.80
PAFK,1999-04-20 20:49,57.20
PAFK,1999-04-21 00:49,57.20
PAFK,1999-04-21 16:49,29.52
PAFK,1999-04-22 20:49,37.08
PAFK,1999-04-23 00:49,39.22
PAFK,1999-04-23 01:49,37.42
PAFK,1999-04-23 17:49,23.51
PAFK,1999-04-24 00:49,25.23
PAFK,1999-04-24 17:49,13.81
PAFK,1999-04-24 18:49,10.55
PAFK,1999-04-24 20:49,16.86
PAFK,1999-04-25 17:49,7.17
PAFK,1999-04-25 19:49,15.24
PAFK,1999-04-25 22:49,13.94
PAFK,1999-04-25 23:49,13.94
PAFK,1999-04-26 00:49,13.94
PAFK,1999-04-26 16:49,13.03
PAFK,1999-04-26 17:49,13.03
PAFK,1999-04-26 20:49,19.98
PAFK,1999-04-27 01:49,19.68
PAFK,1999-04-27 17:49,14.28
PAFK,1999-04-27 19:49,26.97
PAFK,1999-04-27 20:49,31.62
PAFK,1999-04-27 21:49,30.67
PAFK,1999-04-27 23:49,34.70
PAFK,1999-04-28 01:49,41.42
PAFK,1999-04-28 17:49,30.76
PAFK,1999-04-28 23:49,45.54
PAFK,1999-04-29 00:49,45.54
PAFK,1999-04-29 16:49,28.87
PAFK,1999-04-29 19:49,37.11
PAFK,1999-04-30 17:49,21.90
PAFK,1999-04-30 21:49,19.71
PAFK,1999-05-01 22:49,19.26
PAFK,1999-05-02 19:49,15.13
PAFK,1999-05-02 20:49,14.65
PAFK,1999-05-03 01:49,18.45
PAFK,1999-05-03 16:49,11.68
PAFK,1999-05-03 18:49,13.94
PAFK,1999-05-04 16:49,20.71
PAFK,1999-05-04 19:49,21.90
PAFK,1999-05-05 19:49,34.20
PAFK,1999-05-06 00:49,38.54
PAFK,1999-05-06 01:49,34.20
PAFK,1999-05-06 18:49,27.70
PAFK,1999-05-06 20:49,31.62
PAFK,1999-05-06 21:49,27.48
PAFK,1999-05-06 23:49,34.20
PAFK,1999-05-07 00:49,34.20
PAFK,1999-05-07 16:49,18.45
PAFK,1999-05-07 19:49,21.19
PAFK,1999-05-09 00:49,43.66
PAFK,1999-05-09 16:49,32.00
PAFK,1999-05-09 17:49,33.46
PAFK,1999-05-09 18:49,35.40
PAFK,1999-05-09 21:49,35.75
PAFK,1999-05-09 22:49,37.71
PAFK,1999-05-09 23:49,34.78
PAFK,1999-05-10 00:49,35.75
PAFK,1999-05-10 01:49,35.75
PAFK,1999-05-10 17:49,34.78
PAFK,1999-05-11 17:49,42.94
PAFK,1999-05-11 22:49,55.40
PAFK,1999-05-11 23:49,55.40
PAFK,1999-05-12 18:49,53.60
PAFK,1999-05-12 21:49,53.60
PAFK,1999-05-13 16:49,35.20
PAFK,1999-05-13 20:49,40.03
PAFK,1999-05-14 00:49,42.13
PAFK,1999-05-14 18:49,53.60
PAFK,1999-05-14 20:49,60.80
PAFK,1999-05-15 18:49,53.60
PAFK,1999-05-16 20:49,47.21
PAFK,1999-05-16 22:49,59.00
PAFK,1999-05-17 01:49,57.20
PAFK,1999-05-17 16:49,36.92
PAFK,1999-05-17 18:49,53.60
PAFK,1999-05-17 20:49,55.40
PAFK,1999-05-17 21:49,59.00
PAFK,1999-05-18 01:49,62.60
PAFK,1999-05-19 18:49,57.20
PAFK,1999-05-22 18:49,57.20
PAFK,1999-05-22 22:49,53.60
PAFK,1999-05-23 18:49,44.53
PAFK,1999-05-24 19:49,42.87
PAFK,1999-05-25 22:49,41.03
PAFK,1999-05-28 19:49,26.33
PAFK,1999-05-28 22:49,30.67
PAFK,1999-05-28 23:49,33.73
PAFK,1999-05-29 23:49,42.94
PAFK,1999-05-30 01:49,37.71
PAFK,1999-05-30 21:49,45.63
PAFK,1999-06-08 22:49,47.77
PAFK,1999-06-09 21:49,64.40
PAFK,1999-08-15 20:49,46.29
PAFK,1999-11-12 20:49,4.16
PAFK,2000-01-24 17:49,21.19
PAFK,2000-04-24 18:49,M
PAFK,2000-05-28 18:49,34.95
PAFK,2000-06-12 15:49,48.20
PAFK,2000-06-18 20:49,60.80
PAFK,2000-07-25 18:49,53.60
PAFK,2000-08-23 23:49,53.60
PAFK,2001-04-23 16:49,37.05
PAFK,2001-04-24 23:49,M
PAFK,2001-08-22 18:49,50.00
PAFK,2001-08-22 21:49,55.40
PAFK,2001-08-23 18:49,53.60
PAFK,2001-08-24 21:49,60.80
PAFK,2001-08-25 18:49,55.40
PAFK,2001-08-25 19:49,59.00
PAFK,2001-08-26 21:49,60.80
PAFK,2001-08-26 22:49,62.60
PAFK,2001-08-27 17:49,51.80
PAFK,2001-08-27 21:49,60.80
PAFK,2001-08-28 17:49,55.40
PAFK,2001-08-28 22:49,60.80
PAFK,2001-08-28 23:49,59.00
PAFK,2001-08-29 00:49,59.00
PAFK,2001-08-29 23:49,59.00
PAFK,2001-08-30 16:49,51.80
PAFK,2001-09-01 16:49,35.83
PAFK,2001-09-01 17:49,43.09
PAFK,2001-09-01 21:49,53.60
PAFK,2001-09-02 22:49,59.00
PAFK,2001-09-03 00:49,55.40
PAFK,2001-11-20 18:49,0.74
PAFK,2002-01-10 01:49,31.36
PAFK,2002-03-15 20:49,32.00
PAFK,2002-04-01 00:49,12.52
PAFK,2002-04-16 18:49,16.86
PAFK,2002-04-26 18:49,42.31
PAFK,2003-05-08 22:49,45.21
PAFK,2003-05-17 23:49,53.60
PAFK,2003-07-05 19:49,62.60
PAFK,2003-07-12 18:49,57.20
PAFK,2003-07-16 17:49,47.77
PAFK,2003-07-17 22:49,55.40
PAFK,2003-07-20 23:49,77.00
PAFK,2003-07-22 01:49,73.40
PAFK,2003-07-24 01:49,62.60
PAFK,2003-07-25 01:49,66.20
PAFK,2003-07-25 17:49,57.20
PAFK,2003-07-25 22:49,62.60
PAFK,2003-07-25 23:49,62.60
PAFK,2003-07-26 00:49,60.80
PAFK,2003-07-26 01:49,59.00
PAFK,2003-07-27 21:49,55.40
PAFK,2003-07-27 22:49,55.40
PAFK,2003-07-29 20:49,59.00
PAFK,2003-07-30 23:49,53.60
PAFK,2003-07-31 00:49,53.60
PAFK,2003-07-31 01:49,51.80
PAFK,2003-07-31 18:49,47.21
PAFK,2003-07-31 21:49,50.00
PAFK,2003-08-02 00:49,53.60
PAFK,2003-08-03 00:49,57.20
PAFK,2003-08-03 23:49,51.80
PAFK,2003-08-04 01:49,53.60
PAFK,2003-08-04 19:49,57.20
PAFK,2003-08-04 20:49,59.00
PAFK,2003-08-05 00:49,66.20
PAFK,2003-08-05 16:49,53.60
PAFK,2003-08-05 19:49,59.00
PAFK,2003-08-06 01:49,69.80
PAFK,2003-08-08 16:49,57.20
PAFK,2003-08-09 17:49,64.40
PAFK,2003-08-09 18:49,66.20
PAFK,2003-08-09 19:49,68.00
PAFK,2003-08-09 20:49,69.80
PAFK,2003-08-10 00:49,75.20
PAFK,2003-08-10 19:49,77.00
PAFK,2003-08-10 21:49,82.40
PAFK,2003-08-11 01:49,80.53
PAFK,2003-08-11 16:49,64.40
PAFK,2003-08-13 00:49,59.00
PAFK,2003-08-13 01:49,59.00
PAFK,2003-08-13 19:49,60.80
PAFK,2003-08-14 01:49,62.60
PAFK,2003-08-14 17:49,60.80
PAFK,2003-08-14 23:49,64.40
PAFK,2003-08-15 00:49,64.40
PAFK,2003-08-17 21:49,55.40
PAFK,2003-08-17 23:49,55.40
PAFK,2003-08-18 22:49,60.80
PAFK,2003-08-19 21:49,59.00
PAFK,2003-08-20 01:49,57.20
PAFK,2003-08-20 22:49,60.80
PAFK,2003-08-21 18:49,53.60
PAFK,2003-08-21 19:49,55.40
PAFK,2003-08-21 20:49,57.20
PAFK,2003-08-21 23:49,59.00
PAFK,2003-08-22 00:49,60.80
PAFK,2003-08-22 19:49,M
PAFK,2003-08-22 22:49,57.20
PAFK,2003-08-24 18:49,53.60
PAFK,2003-08-24 19:49,55.40
PAFK,2003-08-25 16:49,49.27
PAFK,2003-08-26 01:49,51.80
PAFK,2003-08-26 16:49,53.60
PAFK,2003-08-27 01:49,57.20
PAFK,2003-08-28 00:49,62.60
PAFK,2003-08-31 20:49,51.80
PAFK,2003-09-01 18:49,51.80
PAFK,2003-09-02 21:49,51.80
PAFK,2003-09-03 01:49,51.80
PAFK,2003-09-04 00:49,53.60
PAFK,2003-09-05 22:49,55.40
PAFK,2003-09-08 17:49,35.60
PAFK,2003-09-10 17:49,40.03
PAFK,2003-09-10 23:49,53.60
PAFK,2003-09-11 01:49,55.40
PAFK,2003-09-12 01:49,47.21
PAFK,2003-09-12 17:49,46.40
PAFK,2003-09-15 20:49,42.80
PAFK,2003-09-16 01:49,51.80
PAFK,2003-09-19 19:49,23.22
PAFK,2003-09-20 18:49,19.01
PAFK,2003-09-24 17:49,23.22
PAFK,2003-09-26 16:49,32.00
PAFK,2003-09-26 19:49,39.20
PAFK,2003-09-27 18:49,41.36
PAFK,2003-09-30 01:49,51.80
PAFK,2003-10-01 19:49,64.40
PAFK,2003-10-01 21:49,62.60
PAFK,2003-10-02 00:49,62.60
PAFK,2003-10-14 20:49,34.78
PAFK,2003-10-15 17:49,38.77
PAFK,2003-10-15 21:49,50.00
PAFK,2003-10-16 23:49,23.36
PAFK,2003-10-20 00:49,15.71
PAFK,2003-10-22 17:49,12.20
PAFK,2004-08-29 22:49,53.60
PAFK,2004-09-09 18:49,43.09
PAFK,2004-09-15 22:49,40.71
PAFK,2004-09-16 20:49,M
PAFK,2004-12-09 21:49,-9.40
PAFK,2004-12-11 17:49,M
PAFK,2004-12-17 01:49,-2.49
PAFK,2004-12-19 23:49,17.60
PAFK,2004-12-20 01:49,10.60
PAFK,2004-12-20 21:49,0.09
PAFK,2004-12-21 19:49,-14.22
PAFK,2004-12-21 21:49,-12.57
PAFK,2004-12-22 23:49,35.20
PAFK,2004-12-23 16:49,-12.52
PAFK,2004-12-23 18:49,-22.45
PAFK,2004-12-24 01:49,-35.17
PAFK,2004-12-26 16:49,15.80
PAFK,2004-12-27 00:49,16.34
PAFK,2004-12-27 18:49,7.16
PAFK,2004-12-27 20:49,4.30
PAFK,2004-12-28 20:49,-3.34
PAFK,2005-01-03 17:49,28.87
PAFK,2005-01-04 17:49,22.52
PAFK,2005-01-04 19:49,26.60
PAFK,2005-01-05 01:49,16.86
PAFK,2005-01-06 22:49,22.12
PAFK,2005-01-10 17:49,M
PAFK,2005-01-12 18:49,-51.56
PAFK,2005-01-13 20:49,-33.54
PAFK,2005-01-14 01:49,-26.50
PAFK,2005-01-14 16:49,-19.99
PAFK,2005-01-15 00:49,-9.16
PAFK,2005-01-15 01:49,-7.81
PAFK,2005-01-18 17:49,-36.40
PAFK,2005-01-22 20:49,0.09
PAFK,2005-01-23 16:49,1.94
PAFK,2005-01-24 22:49,14.00
PAFK,2005-01-25 01:49,14.00
PAFK,2005-01-25 23:49,M
PAFK,2005-01-26 21:49,6.80
PAFK,2005-01-28 01:49,-14.80
PAFK,2005-01-28 18:49,-27.40
PAFK,2005-01-29 22:49,-11.20
PAFK,2005-01-31 18:49,-39.22
PAFK,2005-02-01 17:49,-32.80
PAFK,2005-02-03 22:49,-27.40
PAFK,2005-02-05 20:49,-25.60
PAFK,2005-02-05 21:49,-31.32
PAFK,2005-02-16 01:49,30.67
PAFK,2005-02-17 16:49,20.71
PAFK,2005-02-18 20:49,15.95
PAFK,2005-02-25 18:49,-7.81
PAFK,2005-02-26 23:49,10.36
PAFK,2005-02-27 19:49,-2.20
PAFK,2005-03-01 18:49,-9.40
PAFK,2005-03-02 21:49,-1.39
PAFK,2005-03-04 17:49,-7.60
PAFK,2005-03-04 23:49,6.02
PAFK,2005-03-05 17:49,-7.81
PAFK,2005-03-06 01:49,32.00
PAFK,2005-03-13 01:49,32.98
PAFK,2005-03-16 17:49,25.32
PAFK,2005-03-16 19:49,21.90
PAFK,2005-03-21 00:49,0.40
PAFK,2005-03-24 01:49,29.87
PAFK,2005-03-25 00:49,27.78
PAFK,2005-03-27 20:49,19.01
PAFK,2005-03-30 01:49,11.43
PAFK,2005-04-02 20:49,12.52
PAFK,2005-04-03 01:49,12.52
PAFK,2005-04-05 18:49,12.20
PAFK,2005-04-05 23:49,17.84
PAFK,2005-04-06 16:49,6.40
PAFK,2005-04-09 19:49,38.54
PAFK,2005-04-10 01:49,42.87
PAFK,2005-04-10 21:49,37.08
PAFK,2005-04-11 23:49,32.03
PAFK,2005-04-12 17:49,19.01
PAFK,2005-04-13 22:49,32.98
PAFK,2005-04-16 19:49,28.55
PAFK,2005-04-18 16:49,1.40
PAFK,2005-04-21 00:49,25.32
PAFK,2005-04-21 18:49,33.80
PAFK,2005-04-22 19:49,43.28
PAFK,2005-04-22 23:49,43.15
PAFK,2005-04-23 22:49,41.36
PAFK,2005-04-24 21:49,46.34
PAFK,2005-04-27 01:49,55.40
PAFK,2005-04-27 19:49,62.60
PAFK,2005-04-29 01:49,53.60
PAFK,2005-04-30 21:49,57.20
PAFK,2005-05-01 01:49,55.40
PAFK,2005-05-02 19:49,53.60
PAFK,2005-05-03 01:49,55.40
PAFK,2005-05-03 17:49,51.80
PAFK,2005-05-04 23:49,45.63
PAFK,2005-05-06 01:49,41.03
PAFK,2005-05-11 00:49,68.00
PAFK,2005-05-11 21:49,68.00
PAFK,2005-05-11 22:49,69.80
PAFK,2005-05-12 21:49,62.60
PAFK,2005-05-12 23:49,60.80
PAFK,2005-05-13 01:49,60.80
PAFK,2005-05-13 17:49,53.60
PAFK,2005-05-14 17:49,51.80
PAFK,2005-05-15 01:49,62.60
PAFK,2005-05-15 23:49,57.20
PAFK,2005-05-16 00:49,57.20
PAFK,2005-05-17 23:49,55.40
PAFK,2005-05-18 18:49,55.40
PAFK,2005-05-18 20:49,53.60
PAFK,2005-05-21 01:49,55.40
PAFK,2005-05-21 21:49,66.20
PAFK,2005-05-22 00:49,60.80
PAFK,2005-05-22 22:49,50.00
PAFK,2005-05-23 00:49,47.21
PAFK,2005-05-24 01:49,64.40
PAFK,2005-05-25 22:49,62.60
PAFK,2005-05-29 20:49,60.80
PAFK,2005-05-29 22:49,59.00
PAFK,2005-06-06 19:49,66.20
PAFK,2005-07-20 16:49,57.20
PAFK,2005-10-11 17:49,19.40
PAFK,2005-10-16 00:49,29.17
PAFK,2005-10-25 16:49,24.80
PAFK,2005-11-26 17:49,-32.80
PAFK,2005-11-29 17:49,6.80
PAFK,2006-01-15 23:49,-22.75
PAFK,2006-01-16 18:49,-25.13
PAFK,2006-01-17 20:49,-18.40
PAFK,2006-05-15 20:49,51.80
PAFK,2006-06-12 17:49,55.40
PAFK,2006-06-14 17:49,51.80
PAFK,2007-05-31 23:49,55.40
PAFK,2007-09-04 17:49,46.72
PAFK,2007-09-26 21:49,42.80
PAFK,2007-10-27 19:49,26.33
PAFK,2008-01-13 23:49,M
PAFK,2008-04-01 21:49,34.21
PAFK,2008-05-09 17:49,39.72
PAFK,2008-05-10 22:49,60.80
PAFK,2008-06-11 17:49,55.40
PAFK,2008-10-09 16:49,15.64
PAFK,2008-10-23 17:49,-14.80
PAFK,2008-10-24 16:49,M
PAFK,2008-12-11 23:49,M
PAFK,2008-12-12 16:49,M
PAFK,2008-12-25 18:49,M
PAFK,2009-01-01 22:49,M
PAFK,2009-01-02 01:49,M
PAFK,2009-02-18 22:49,-4.11
PAFK,2009-03-12 00:49,32.98
PAFK,2009-03-13 00:49,19.98
PAFK,2009-03-31 23:49,21.90
PAFK,2009-04-03 00:49,18.20
PAFK,2009-04-04 00:49,14.56
PAFK,2009-05-18 01:49,64.40
PAFK,2010-05-21 20:49,62.60
PAFK,2011-03-13 23:50,4.30
PAFK,2011-03-17 19:49,19.40
PAFK,2013-06-28 20:49,68.00
PAFK,2013-06-29 00:49,73.40
PAFK,2013-06-29 02:49,71.60
PAFK,2013-06-30 20:49,64.40
PAFK,2013-07-01 00:49,64.40
PAFK,2013-07-01 22:49,57.20
PAFK,2013-07-02 02:49,59.00
PAFK,2013-07-02 18:49,57.20
PAFK,2013-07-03 00:49,55.40
PAFK,2013-07-03 02:49,57.20
PAFK,2013-07-03 16:49,50.00
PAFK,2013-07-03 20:49,62.60
PAFK,2013-07-04 00:49,59.00
PAFK,2013-07-04 16:49,55.40
PAFK,2013-07-04 20:49,51.80
PAFK,2013-07-05 00:49,53.60
PAFK,2013-07-05 02:49,62.60
PAFK,2013-07-05 18:49,55.40
PAFK,2013-07-05 22:49,62.60
PAFK,2013-07-06 02:49,62.60
PAFK,2013-07-06 14:49,55.40
PAFK,2013-07-08 20:49,66.20
PAFK,2013-07-09 00:49,62.60
PAFK,2013-07-09 02:49,62.60
PAFK,2013-07-10 00:49,57.20
PAFK,2013-07-10 20:49,60.80
PAFK,2013-07-10 22:49,62.60
PAFK,2013-07-11 00:49,57.20
PAFK,2013-07-11 18:49,62.60
PAFK,2013-07-11 20:49,62.60
PAFK,2013-07-11 22:49,68.00
PAFK,2013-07-12 02:49,69.80
PAFK,2013-07-12 16:49,62.60
PAFK,2013-07-12 20:49,71.60
PAFK,2013-07-12 22:49,78.80
PAFK,2013-07-13 02:49,80.60
PAFK,2013-07-13 14:49,51.80
PAFK,2013-07-13 18:49,73.40
PAFK,2013-07-13 20:49,75.20
PAFK,2013-07-14 00:49,78.80
PAFK,2013-07-14 02:49,80.53
PAFK,2013-07-14 18:49,73.40
PAFK,2013-07-14 20:49,80.53
PAFK,2013-07-14 22:49,78.80
PAFK,2013-07-15 02:49,77.00
PAFK,2013-07-15 20:49,68.00
PAFK,2013-07-16 00:49,68.00
PAFK,2013-07-16 02:49,64.40
PAFK,2013-07-16 16:49,M
PAFK,2013-07-16 20:49,64.40
PAFK,2013-07-16 22:49,64.40
PAFK,2013-07-17 02:49,M
PAFK,2013-07-17 14:49,55.40
PAFK,2013-07-17 18:49,57.20
PAFK,2013-07-17 20:49,59.00
PAFK,2013-07-18 02:49,66.20
PAFK,2013-07-18 14:49,64.40
PAFK,2013-07-19 00:49,62.60
PAFK,2013-07-19 02:49,64.40
PAFK,2013-07-19 14:49,57.20
PAFK,2013-07-19 16:49,59.00
PAFK,2013-07-19 22:49,64.40
PAFK,2013-07-20 00:49,66.20
PAFK,2013-07-20 16:49,51.80
PAFK,2013-07-20 20:49,55.40
PAFK,2013-07-20 22:49,57.20
PAFK,2013-07-21 00:49,62.60
PAFK,2013-07-21 02:49,57.20
PAFK,2013-07-21 16:49,60.80
PAFK,2013-07-21 20:49,55.40
PAFK,2013-07-21 22:49,59.00
PAFK,2013-07-22 00:49,59.00
PAFK,2013-07-22 02:49,64.40
PAFK,2013-07-22 14:49,55.40
PAFK,2013-07-22 16:49,60.80
PAFK,2013-07-22 18:49,68.00
PAFK,2013-07-22 20:49,68.00
PAFK,2013-07-22 22:49,68.00
PAFK,2013-07-23 14:49,57.20
PAFK,2013-07-23 18:49,66.20
PAFK,2013-07-23 20:49,75.20
PAFK,2013-07-24 00:49,82.40
PAFK,2013-07-24 02:49,75.20
PAFK,2013-07-24 16:49,66.20
PAFK,2013-07-24 18:49,66.20
PAFK,2013-07-24 20:49,69.80
PAFK,2013-07-25 00:49,69.80
PAFK,2013-07-25 02:49,75.20
PAFK,2013-07-25 18:49,60.80
PAFK,2013-07-25 20:49,62.60
PAFK,2013-07-25 22:49,60.80
PAFK,2013-07-26 00:49,60.80
PAFK,2013-07-26 02:49,66.20
PAFK,2013-07-26 16:49,53.60
PAFK,2013-07-26 20:49,68.00
PAFK,2013-07-27 02:49,77.00
PAFK,2013-07-27 18:49,73.40
PAFK,2013-07-27 20:49,75.20
PAFK,2013-07-27 22:49,78.80
PAFK,2013-07-28 00:49,80.81
PAFK,2013-07-28 02:49,82.08
PAFK,2013-07-28 14:49,62.60
PAFK,2013-07-28 16:49,69.80
PAFK,2013-07-28 18:49,75.20
PAFK,2013-07-28 20:49,85.47
PAFK,2013-07-29 00:49,84.54
PAFK,2013-07-29 02:49,81.11
PAFK,2013-07-29 14:49,60.80
PAFK,2013-07-29 22:49,83.98
PAFK,2013-07-30 00:49,80.31
PAFK,2013-07-30 02:49,75.20
PAFK,2013-07-30 16:49,60.80
PAFK,2013-07-30 18:49,68.00
PAFK,2013-07-30 20:49,77.00
PAFK,2013-07-30 22:49,82.46
PAFK,2013-07-31 00:49,77.00
PAFK,2013-07-31 02:49,84.20
PAFK,2013-07-31 14:49,57.20
PAFK,2013-07-31 16:49,66.20
PAFK,2013-07-31 18:49,71.60
PAFK,2013-07-31 22:49,84.97
PAFK,2013-08-01 00:49,77.00
PAFK,2013-08-01 02:49,78.80
PAFK,2013-08-01 14:49,59.00
PAFK,2013-08-01 16:49,68.00
PAFK,2013-08-01 18:49,71.60
PAFK,2013-08-01 20:49,77.00
PAFK,2013-08-01 22:49,73.40
PAFK,2013-08-02 00:49,75.20
PAFK,2013-08-02 02:49,77.00
PAFK,2013-08-02 16:49,66.20
PAFK,2013-08-02 18:49,66.20
PAFK,2013-08-02 20:49,66.20
PAFK,2013-08-02 22:49,68.00
PAFK,2013-08-03 00:49,68.00
PAFK,2013-08-03 14:49,62.60
PAFK,2013-08-03 20:49,66.20
PAFK,2013-08-03 22:49,68.00
PAFK,2013-08-04 00:49,66.20
PAFK,2013-08-04 16:49,60.80
PAFK,2013-08-04 18:49,60.80
PAFK,2013-08-05 02:49,64.40
PAFK,2013-08-05 14:49,53.60
PAFK,2013-08-05 20:49,62.60
PAFK,2013-08-05 22:49,64.40
PAFK,2013-08-06 00:49,64.40
PAFK,2013-08-06 02:49,64.40
PAFK,2013-08-06 14:49,59.00
PAFK,2013-08-06 16:49,60.80
PAFK,2013-08-06 20:49,62.60
PAFK,2013-08-06 22:49,64.40
PAFK,2013-08-07 00:49,66.20
PAFK,2013-08-07 02:49,64.40
PAFK,2013-08-07 14:49,62.60
PAFK,2013-08-07 18:49,62.60
PAFK,2013-08-07 20:49,62.60
PAFK,2013-08-07 22:49,64.40
PAFK,2013-08-08 02:49,66.20
PAFK,2013-08-08 18:49,62.60
PAFK,2013-08-08 20:49,62.60
PAFK,2013-08-08 22:49,64.40
PAFK,2013-08-09 00:49,64.40
PAFK,2013-08-09 02:49,64.40
PAFK,2013-08-09 16:49,51.80
PAFK,2013-08-09 18:49,55.40
PAFK,2013-08-09 20:49,55.40
PAFK,2013-08-09 22:49,59.00
PAFK,2013-08-10 00:49,59.00
PAFK,2013-08-10 02:49,64.40
PAFK,2013-08-10 16:49,53.60
PAFK,2013-08-10 20:49,64.40
PAFK,2013-08-10 22:49,60.80
PAFK,2013-08-11 00:49,59.00
PAFK,2013-08-11 02:49,64.40
PAFK,2013-08-11 14:49,46.40
PAFK,2013-08-11 18:49,55.40
PAFK,2013-08-11 20:49,66.20
PAFK,2013-08-11 22:49,59.00
PAFK,2013-08-12 00:49,57.20
PAFK,2013-08-12 02:49,57.20
PAFK,2013-08-12 14:49,M
PAFK,2013-08-12 16:49,57.20
PAFK,2013-08-12 18:49,55.40
PAFK,2013-08-12 20:49,68.00
PAFK,2013-08-13 00:49,66.20
PAFK,2013-08-13 02:49,66.20
PAFK,2013-08-13 14:49,46.40
PAFK,2013-08-13 18:49,66.20
PAFK,2013-08-13 20:49,75.20
PAFK,2013-08-13 22:49,73.40
PAFK,2013-08-14 02:49,72.36
PAFK,2013-08-14 16:49,55.40
PAFK,2013-08-14 18:49,59.00
PAFK,2013-08-14 20:49,62.60
PAFK,2013-08-14 22:49,64.40
PAFK,2013-08-15 00:49,69.80
PAFK,2013-08-15 02:49,66.20
PAFK,2013-08-15 18:49,66.20
PAFK,2013-08-16 00:49,64.40
PAFK,2013-08-16 02:49,69.80
PAFK,2013-08-16 20:49,64.40
PAFK,2013-08-16 22:49,70.24
PAFK,2013-08-17 00:49,72.00
PAFK,2013-08-17 14:49,55.40
PAFK,2013-08-17 16:49,59.00
PAFK,2013-08-17 18:49,62.60
PAFK,2013-08-18 00:49,71.60
PAFK,2013-08-18 02:49,71.60
PAFK,2013-08-18 14:49,50.00
PAFK,2013-08-18 16:49,60.80
PAFK,2013-08-18 18:49,57.20
PAFK,2013-08-18 20:49,71.60
PAFK,2013-08-18 22:49,71.60
PAFK,2013-08-19 00:49,71.60
PAFK,2013-08-19 14:49,48.20
PAFK,2013-08-19 16:49,50.00
PAFK,2013-08-19 18:49,55.40
PAFK,2013-08-19 20:49,60.80
PAFK,2013-08-19 22:49,62.60
PAFK,2013-08-20 00:49,60.80
PAFK,2013-08-20 02:49,55.40
PAFK,2013-08-20 14:49,53.60
PAFK,2013-08-20 16:49,55.40
PAFK,2013-08-20 18:49,53.60
PAFK,2013-08-20 20:49,55.40
PAFK,2013-08-20 22:49,53.60
PAFK,2013-08-21 00:49,53.60
PAFK,2013-08-21 02:49,55.40
PAFK,2013-08-21 18:49,51.80
PAFK,2013-08-21 20:49,55.40
PAFK,2013-08-21 22:49,57.20
PAFK,2013-08-22 00:49,57.20
PAFK,2013-08-22 02:49,57.20
PAFK,2013-08-22 16:49,53.60
PAFK,2013-08-22 18:49,53.60
PAFK,2013-08-22 20:49,55.40
PAFK,2013-08-23 02:49,55.40
PAFK,2013-08-23 14:49,53.60
PAFK,2013-08-23 18:49,46.72
PAFK,2013-08-23 20:49,55.40
PAFK,2013-08-23 22:49,55.40
PAFK,2013-08-24 02:49,51.80
PAFK,2013-08-24 16:49,48.20
PAFK,2013-08-24 18:49,53.60
PAFK,2013-08-24 20:49,57.20
PAFK,2013-08-25 02:49,60.80
PAFK,2013-08-25 14:49,37.40
PAFK,2013-08-25 16:49,44.60
PAFK,2013-08-25 18:49,51.80
PAFK,2013-08-25 20:49,55.40
PAFK,2013-08-25 22:49,68.00
PAFK,2013-08-26 00:49,68.00
PAFK,2013-08-26 20:49,64.40
PAFK,2013-08-26 22:49,66.20
PAFK,2013-08-27 00:49,70.24
PAFK,2013-08-27 02:49,68.00
PAFK,2013-08-27 14:49,39.20
PAFK,2013-08-27 16:49,43.50
PAFK,2013-08-27 20:49,59.00
PAFK,2013-08-27 22:49,55.40
PAFK,2013-08-28 00:49,51.80
PAFK,2013-08-28 02:49,51.80
PAFK,2013-08-28 16:49,42.80
PAFK,2013-08-28 20:49,51.80
PAFK,2013-08-28 22:49,57.20
PAFK,2013-08-29 00:49,59.00
PAFK,2013-08-29 02:49,57.20
PAFK,2013-08-29 16:49,53.60
PAFK,2013-08-29 18:49,48.20
PAFK,2013-08-29 20:49,53.60
PAFK,2013-08-29 22:49,53.60
PAFK,2013-08-30 02:49,55.40
PAFK,2013-08-30 16:49,48.20
PAFK,2013-08-30 20:49,53.60
PAFK,2013-08-31 00:49,53.60
PAFK,2013-08-31 14:49,44.60
PAFK,2013-08-31 18:49,44.60
PAFK,2013-09-01 02:49,50.00
PAFK,2013-09-01 14:49,44.60
PAFK,2013-09-01 20:49,51.80
PAFK,2013-09-01 22:49,57.20
PAFK,2013-09-02 00:49,53.60
PAFK,2013-09-02 02:49,55.40
PAFK,2013-09-02 14:49,57.20
PAFK,2013-09-02 16:49,57.20
PAFK,2013-09-02 18:49,59.00
PAFK,2013-09-02 22:49,60.80
PAFK,2013-09-03 00:49,59.00
PAFK,2013-09-03 02:49,57.20
PAFK,2013-09-03 16:49,55.40
PAFK,2013-09-03 18:49,59.00
PAFK,2013-09-03 20:49,59.00
PAFK,2013-09-04 00:49,53.60
PAFK,2013-09-04 02:49,55.40
PAFK,2013-09-04 14:49,50.00
PAFK,2013-09-04 16:49,50.00
PAFK,2013-09-04 18:49,57.20
PAFK,2013-09-04 20:49,53.60
PAFK,2013-09-04 22:49,55.40
PAFK,2013-09-05 00:49,59.00
PAFK,2013-09-05 02:49,51.80
PAFK,2013-09-05 16:49,46.40
PAFK,2013-09-05 18:49,55.40
PAFK,2013-09-05 20:49,48.20
PAFK,2013-09-05 22:49,51.80
PAFK,2013-09-06 00:49,53.60
PAFK,2013-09-06 02:49,51.80
PAFK,2013-09-06 16:49,51.80
PAFK,2013-09-06 18:49,48.20
PAFK,2013-09-06 20:49,50.00
PAFK,2013-09-06 22:49,46.40
PAFK,2013-09-07 00:49,48.20
PAFK,2013-09-07 02:49,51.80
PAFK,2013-09-07 16:49,44.60
PAFK,2013-09-07 18:49,51.80
PAFK,2013-09-07 20:49,50.00
PAFK,2013-09-08 00:49,53.60
PAFK,2013-09-08 02:49,53.60
PAFK,2013-09-08 20:49,55.40
PAFK,2013-09-08 22:49,50.00
PAFK,2013-09-09 00:49,51.80
PAFK,2013-09-09 02:49,57.20
PAFK,2013-09-09 16:49,48.44
PAFK,2013-09-09 18:49,53.60
PAFK,2013-09-09 20:49,55.40
PAFK,2013-09-09 22:49,55.40
PAFK,2013-09-10 00:49,55.40
PAFK,2013-09-10 02:49,57.20
PAFK,2013-09-10 16:49,53.60
PAFK,2013-09-10 18:49,57.20
PAFK,2013-09-10 20:49,59.00
PAFK,2013-09-10 22:49,60.80
PAFK,2013-09-11 00:49,64.40
PAFK,2013-09-11 02:49,62.60
PAFK,2013-09-11 16:49,53.60
PAFK,2013-09-11 20:49,53.60
PAFK,2013-09-11 22:49,53.60
PAFK,2013-09-12 00:49,51.80
PAFK,2013-09-12 02:49,50.00
PAFK,2013-09-12 18:49,53.60
PAFK,2013-09-12 20:49,53.60
PAFK,2013-09-12 22:49,55.40
PAFK,2013-09-13 00:49,53.60
PAFK,2013-09-13 02:49,53.60
PAFK,2013-09-13 20:49,55.40
PAFK,2013-09-13 22:49,57.20
PAFK,2013-09-14 00:49,57.20
PAFK,2013-09-14 16:49,51.80
PAFK,2013-09-14 20:49,50.00
PAFK,2013-09-14 22:49,53.60
PAFK,2013-09-15 00:49,50.00
PAFK,2013-09-15 02:49,51.80
PAFK,2013-09-15 14:49,37.40
PAFK,2013-09-15 16:49,M
PAFK,2013-09-15 20:49,46.40
PAFK,2013-09-15 22:49,53.60
PAFK,2013-09-16 00:49,55.40
PAFK,2013-09-16 02:49,57.20
PAFK,2013-09-16 18:49,39.20
PAFK,2013-09-16 20:49,44.60
PAFK,2013-09-16 22:49,50.00
PAFK,2013-09-17 00:49,48.20
PAFK,2013-09-17 02:49,51.80
PAFK,2013-09-17 16:49,39.20
PAFK,2013-09-17 18:49,33.80
PAFK,2013-09-17 20:49,44.60
PAFK,2013-09-18 00:49,41.00
PAFK,2013-09-18 02:49,39.20
PAFK,2013-09-18 16:49,35.60
PAFK,2013-09-18 18:49,35.60
PAFK,2013-09-18 22:49,42.80
PAFK,2013-09-19 00:49,42.80
PAFK,2013-09-19 02:49,44.60
PAFK,2013-09-19 18:49,46.40
PAFK,2013-09-19 20:49,35.60
PAFK,2013-09-19 22:49,35.60
PAFK,2013-09-20 00:49,50.00
PAFK,2013-09-20 02:49,33.80
PAFK,2013-09-20 16:49,41.00
PAFK,2013-09-20 18:49,46.40
PAFK,2013-09-20 20:49,33.80
PAFK,2013-09-20 22:49,41.00
PAFK,2013-09-21 00:49,46.40
PAFK,2013-09-21 02:49,41.00
PAFK,2013-09-21 14:49,21.20
PAFK,2013-09-21 16:49,15.80
PAFK,2013-09-21 18:49,23.00
PAFK,2013-09-21 20:49,26.60
PAFK,2013-09-21 22:49,33.80
PAFK,2013-09-22 00:49,33.80
PAFK,2013-09-22 02:49,33.80
PAFK,2013-09-22 14:49,32.00
PAFK,2013-09-22 16:49,32.00
PAFK,2013-09-22 18:49,32.00
PAFK,2013-09-22 20:49,39.20
PAFK,2013-09-23 00:49,37.40
PAFK,2013-09-23 02:49,39.20
PAFK,2013-09-23 14:49,32.00
PAFK,2013-09-23 18:49,35.60
PAFK,2013-09-23 20:49,39.20
PAFK,2013-09-23 22:49,37.40
PAFK,2013-09-24 00:49,39.20
PAFK,2013-09-24 02:49,37.40
PAFK,2013-09-24 16:49,19.01
PAFK,2013-09-24 18:49,24.78
PAFK,2013-09-24 20:49,40.14
PAFK,2013-09-24 22:49,39.72
PAFK,2013-09-25 00:49,38.04
PAFK,2013-09-25 02:49,38.77
PAFK,2013-09-25 16:49,39.20
PAFK,2013-09-25 20:49,42.13
PAFK,2013-09-25 22:49,50.00
PAFK,2013-09-26 00:49,51.80
PAFK,2013-09-26 02:49,46.40
PAFK,2013-09-26 18:49,41.00
PAFK,2013-09-26 20:49,44.60
PAFK,2013-09-26 22:49,46.40
PAFK,2013-09-27 00:49,48.20
PAFK,2013-09-27 02:49,48.20
PAFK,2013-09-27 14:49,39.20
PAFK,2013-09-27 16:49,35.60
PAFK,2013-09-27 18:49,37.40
PAFK,2013-09-27 20:49,42.80
PAFK,2013-09-27 22:49,44.60
PAFK,2013-09-28 00:49,46.40
PAFK,2013-09-28 02:49,41.00
PAFK,2013-09-28 16:49,31.62
PAFK,2013-09-28 18:49,34.86
PAFK,2013-09-28 22:49,33.80
PAFK,2013-09-29 00:49,35.60
PAFK,2013-09-29 02:49,32.00
PAFK,2013-09-29 14:49,29.52
PAFK,2013-09-29 16:49,26.63
PAFK,2013-09-29 18:49,33.80
PAFK,2013-09-29 20:49,41.00
PAFK,2013-09-29 22:49,39.20
PAFK,2013-09-30 00:49,41.00
PAFK,2013-09-30 02:49,37.40
PAFK,2013-09-30 14:49,32.00
PAFK,2013-09-30 16:49,30.20
PAFK,2013-09-30 18:49,30.20
PAFK,2013-09-30 20:49,33.80
PAFK,2013-09-30 22:49,33.80
PAFK,2013-10-01 14:49,32.00
PAFK,2013-10-01 16:49,32.00
PAFK,2013-10-01 18:49,33.80
PAFK,2013-10-01 20:49,35.60
PAFK,2013-10-01 22:49,33.80
PAFK,2013-10-02 02:49,33.80
PAFK,2013-10-02 16:49,28.40
PAFK,2013-10-02 18:49,32.00
PAFK,2013-10-02 22:49,35.60
PAFK,2013-10-03 02:49,37.40
PAFK,2013-10-03 14:49,24.80
PAFK,2013-10-03 16:49,19.40
PAFK,2013-10-03 18:49,32.00
PAFK,2013-10-03 20:49,32.00
PAFK,2013-10-03 22:49,39.20
PAFK,2013-10-04 00:49,41.00
PAFK,2013-10-04 02:49,35.60
PAFK,2013-10-04 14:49,32.00
PAFK,2013-10-04 16:49,32.00
PAFK,2013-10-04 18:49,32.00
PAFK,2013-10-04 20:49,37.40
PAFK,2013-10-05 16:49,24.80
PAFK,2013-10-05 20:49,37.40
PAFK,2013-10-05 22:49,41.00
PAFK,2013-10-06 00:49,42.13
PAFK,2013-10-06 02:49,42.13
PAFK,2013-10-06 16:49,39.20
PAFK,2013-10-06 18:49,41.00
PAFK,2013-10-06 20:49,41.00
PAFK,2013-10-06 22:49,41.00
PAFK,2013-10-07 00:49,41.00
PAFK,2013-10-07 02:49,39.20
PAFK,2013-10-07 14:49,35.60
PAFK,2013-10-07 16:49,33.80
PAFK,2013-10-07 20:49,44.60
PAFK,2013-10-08 00:49,42.13
PAFK,2013-10-08 02:49,37.93
PAFK,2013-10-08 14:49,27.78
PAFK,2013-10-08 16:49,33.46
PAFK,2013-10-08 20:49,42.87
PAFK,2013-10-08 22:49,51.80
PAFK,2013-10-09 00:49,48.44
PAFK,2013-10-09 16:49,31.62
PAFK,2013-10-10 00:49,41.00
PAFK,2013-10-10 18:49,35.20
PAFK,2013-10-11 00:49,37.42
PAFK,2013-10-11 16:49,38.98
PAFK,2013-10-11 18:49,43.09
PAFK,2013-10-11 20:49,44.24
PAFK,2013-10-11 22:49,48.44
PAFK,2013-10-12 00:49,43.09
PAFK,2013-10-12 16:49,38.94
PAFK,2013-10-12 18:49,38.48
PAFK,2013-10-12 20:49,42.32
PAFK,2013-10-12 22:49,44.63
PAFK,2013-10-13 00:49,47.21
PAFK,2013-10-13 16:49,44.24
PAFK,2013-10-13 20:49,44.60
PAFK,2013-10-13 22:49,43.50
PAFK,2013-10-14 00:49,48.20
PAFK,2013-10-14 16:49,42.13
PAFK,2013-10-14 20:49,47.21
PAFK,2013-10-14 22:49,44.24
PAFK,2013-10-15 00:49,41.36
PAFK,2013-10-15 16:49,38.77
PAFK,2013-10-15 18:49,39.18
PAFK,2013-10-15 20:49,40.66
PAFK,2013-10-15 22:49,40.02
PAFK,2013-10-16 00:49,39.45
PAFK,2013-10-16 16:49,51.80
PAFK,2013-10-16 18:49,51.80
PAFK,2013-10-16 20:49,53.60
PAFK,2013-10-17 00:49,53.60
PAFK,2013-10-17 16:49,46.72
PAFK,2013-10-17 18:49,51.80
PAFK,2013-10-17 22:49,53.60
PAFK,2013-10-18 00:49,51.80
PAFK,2013-10-18 16:49,42.33
PAFK,2013-10-18 18:49,48.20
PAFK,2013-10-19 18:49,43.50
PAFK,2013-10-19 22:49,47.21
PAFK,2013-10-20 16:49,41.36
PAFK,2013-10-20 18:49,44.60
PAFK,2013-10-20 20:49,46.40
PAFK,2013-10-20 22:49,46.40
PAFK,2013-10-21 00:49,42.80
PAFK,2013-10-21 18:49,37.40
PAFK,2013-10-21 22:49,40.14
PAFK,2013-10-22 00:49,37.94
PAFK,2013-10-22 16:49,32.00
PAFK,2013-10-22 18:49,33.80
PAFK,2013-10-22 22:49,37.40
PAFK,2013-10-23 00:49,39.20
PAFK,2013-10-23 16:49,23.00
PAFK,2013-10-23 18:49,24.80
PAFK,2013-10-24 00:49,30.20
PAFK,2013-10-24 16:49,34.70
PAFK,2013-10-24 20:49,28.87
PAFK,2013-10-25 00:49,36.94
PAFK,2013-10-25 16:49,35.83
PAFK,2013-10-25 18:49,38.54
PAFK,2013-10-25 22:49,41.03
PAFK,2013-10-26 16:49,32.00
PAFK,2013-10-26 18:49,30.75
PAFK,2013-10-27 00:49,38.39
PAFK,2013-10-27 22:49,38.39
PAFK,2013-10-28 00:49,39.22
PAFK,2013-10-28 16:49,39.18
PAFK,2013-10-28 18:49,43.50
PAFK,2013-10-28 22:49,41.03
PAFK,2013-10-29 18:49,32.00
PAFK,2013-10-29 22:49,37.40
PAFK,2013-10-30 18:49,37.40
PAFK,2013-10-30 20:49,41.00
PAFK,2013-10-30 22:49,44.60
PAFK,2013-10-31 00:49,41.00
PAFK,2013-10-31 16:49,32.00
PAFK,2013-10-31 18:49,30.20
PAFK,2013-10-31 20:49,33.80
PAFK,2013-10-31 22:49,32.00
PAFK,2013-11-01 00:49,32.00
PAFK,2013-11-01 18:49,30.20
PAFK,2013-11-01 20:49,28.40
PAFK,2013-11-01 22:49,26.60
PAFK,2013-11-02 00:49,26.60
PAFK,2013-11-02 16:49,26.60
PAFK,2013-11-02 18:49,29.87
PAFK,2013-11-02 22:49,35.83
PAFK,2013-11-03 21:49,38.39
PAFK,2013-11-03 23:49,36.94
PAFK,2013-11-04 01:49,36.94
PAFK,2013-11-04 23:49,35.60
PAFK,2013-11-05 01:49,32.00
PAFK,2013-11-05 17:49,28.40
PAFK,2013-11-05 19:49,22.52
PAFK,2013-11-06 01:49,20.46
PAFK,2013-11-06 17:49,-0.40
PAFK,2013-11-06 21:49,10.40
PAFK,2013-11-07 17:49,19.40
PAFK,2013-11-07 19:49,19.40
PAFK,2013-11-07 21:49,14.00
PAFK,2013-11-08 01:49,15.80
PAFK,2013-11-08 17:49,23.00
PAFK,2013-11-08 19:49,23.00
PAFK,2013-11-08 21:49,26.60
PAFK,2013-11-08 23:49,28.40
PAFK,2013-11-09 01:49,32.00
PAFK,2013-11-09 19:49,31.17
PAFK,2013-11-10 21:49,33.80
PAFK,2013-11-10 23:49,30.20
PAFK,2013-11-11 01:49,26.60
PAFK,2013-11-11 23:49,24.80
PAFK,2013-11-12 01:49,23.00
PAFK,2013-11-12 19:49,6.80
PAFK,2013-11-13 01:49,15.80
PAFK,2013-11-13 21:49,37.40
PAFK,2013-11-13 23:49,42.80
PAFK,2013-11-14 01:49,55.40
PAFK,2013-11-14 17:49,31.36
PAFK,2013-11-14 19:49,30.76
PAFK,2013-11-14 21:49,28.53
PAFK,2013-11-15 01:49,24.26
PAFK,2013-11-15 17:49,23.00
PAFK,2013-11-15 21:49,30.20
PAFK,2013-11-16 19:49,26.60
PAFK,2013-11-16 21:49,19.40
PAFK,2013-11-16 23:49,23.00
PAFK,2013-11-17 01:49,19.40
PAFK,2013-11-17 17:49,15.80
PAFK,2013-11-17 19:49,8.60
PAFK,2013-11-17 21:49,10.40
PAFK,2013-11-17 23:49,10.40
PAFK,2013-11-18 01:49,1.40
PAFK,2013-11-18 17:49,6.80
PAFK,2013-11-18 19:49,6.80
PAFK,2013-11-18 21:49,10.40
PAFK,2013-11-19 01:49,6.80
PAFK,2013-11-19 17:49,5.00
PAFK,2013-11-19 19:49,6.80
PAFK,2013-11-19 21:49,6.80
PAFK,2013-11-20 01:49,3.20
PAFK,2013-11-20 17:49,-5.80
PAFK,2013-11-20 19:49,1.40
PAFK,2013-11-20 23:49,-5.80
PAFK,2013-11-21 01:49,-9.40
PAFK,2013-11-21 17:49,-8.31
PAFK,2013-11-21 19:49,6.80
PAFK,2013-11-21 21:49,3.20
PAFK,2013-11-22 01:49,-4.00
PAFK,2013-11-22 17:49,-2.20
PAFK,2013-11-22 19:49,5.00
PAFK,2013-11-22 21:49,-0.40
PAFK,2013-11-22 23:49,3.20
PAFK,2013-11-24 01:49,15.24
PAFK,2013-11-24 21:49,24.80
PAFK,2013-11-24 23:49,26.60
PAFK,2013-11-25 01:49,19.40
PAFK,2013-11-25 21:49,19.40
PAFK,2013-11-25 23:49,15.80
PAFK,2013-11-26 01:49,14.00
PAFK,2013-11-26 17:49,10.40
PAFK,2013-11-26 19:49,23.00
PAFK,2013-11-26 21:49,14.00
PAFK,2013-11-26 23:49,8.60
PAFK,2013-11-27 01:49,14.00
PAFK,2013-11-27 17:49,8.60
PAFK,2013-11-27 19:49,6.80
PAFK,2013-11-27 21:49,10.40
PAFK,2013-11-27 23:49,21.20
PAFK,2013-11-28 01:49,19.40
PAFK,2013-11-28 17:49,19.40
PAFK,2013-11-28 19:49,10.40
PAFK,2013-11-28 21:49,15.80
PAFK,2013-11-28 23:49,17.60
PAFK,2013-11-29 17:49,3.20
PAFK,2013-11-29 19:49,14.00
PAFK,2013-11-29 21:49,28.40
PAFK,2013-11-30 17:49,8.60
PAFK,2013-12-01 01:49,-4.00
PAFK,2013-12-02 01:49,-7.60
PAFK,2013-12-02 17:49,-4.00
PAFK,2013-12-02 19:49,10.40
PAFK,2013-12-02 23:49,1.40
PAFK,2013-12-03 01:49,1.40
PAFK,2013-12-03 17:49,14.00
PAFK,2013-12-03 21:49,19.40
PAFK,2013-12-03 23:49,21.20
PAFK,2013-12-04 01:49,21.20
PAFK,2013-12-05 01:49,15.71
PAFK,2013-12-05 17:49,24.80
PAFK,2013-12-05 19:49,32.00
PAFK,2013-12-05 21:49,39.22
PAFK,2013-12-05 23:49,38.77
PAFK,2013-12-06 01:49,30.20
PAFK,2013-12-06 17:49,40.71
PAFK,2013-12-06 19:49,40.14
PAFK,2013-12-06 23:49,37.94
PAFK,2013-12-07 01:49,41.03
PAFK,2013-12-08 01:49,33.73
PAFK,2013-12-08 19:49,33.80
PAFK,2013-12-08 23:49,32.00
PAFK,2013-12-09 01:49,23.00
PAFK,2013-12-09 19:49,23.00
PAFK,2013-12-09 21:49,28.40
PAFK,2013-12-09 23:49,28.40
PAFK,2013-12-10 01:49,28.40
PAFK,2013-12-10 19:49,26.60
PAFK,2013-12-10 21:49,26.60
PAFK,2013-12-10 23:49,23.00
PAFK,2013-12-11 01:49,14.00
PAFK,2013-12-11 23:49,-0.40
PAFK,2013-12-12 01:49,-0.40
PAFK,2013-12-12 19:49,-2.20
PAFK,2013-12-13 01:49,-7.60
PAFK,2013-12-13 19:49,-2.20
PAFK,2013-12-13 21:49,-5.80
PAFK,2013-12-13 23:49,-5.80
PAFK,2013-12-14 19:49,-2.20
PAFK,2013-12-14 21:49,-4.00
PAFK,2013-12-14 23:49,-5.80
PAFK,2013-12-15 17:49,28.40
PAFK,2013-12-15 19:49,10.40
PAFK,2013-12-16 19:49,-13.00
PAFK,2013-12-16 21:49,-7.60
PAFK,2013-12-16 23:49,-18.40
PAFK,2013-12-17 01:49,-18.40
PAFK,2013-12-17 19:49,-0.40
PAFK,2013-12-17 21:49,-2.20
PAFK,2013-12-18 19:49,-1.55
PAFK,2013-12-18 21:49,1.38
PAFK,2013-12-19 01:49,7.73
PAFK,2013-12-19 17:49,13.57
PAFK,2013-12-19 23:49,15.24
PAFK,2013-12-20 19:49,25.32
PAFK,2013-12-20 23:49,24.29
PAFK,2013-12-21 21:49,30.23
PAFK,2013-12-22 23:49,14.00
PAFK,2013-12-24 01:49,17.60
PAFK,2013-12-24 17:49,-4.82
PAFK,2013-12-24 23:49,-4.00
PAFK,2013-12-25 01:49,-4.00
PAFK,2013-12-25 21:49,-20.20
PAFK,2013-12-26 01:49,-22.00
PAFK,2013-12-27 01:49,-22.00
PAFK,2013-12-28 23:49,5.00
PAFK,2013-12-29 19:49,-0.40
PAFK,2013-12-29 21:49,1.40
PAFK,2013-12-30 21:49,-0.40
PAFK,2013-12-30 23:49,-0.40
PAFK,2013-12-31 01:49,-5.80
PAFK,2013-12-31 23:49,8.60
PAFK,2014-01-02 01:49,17.60
PAFK,2014-01-02 19:49,21.20
PAFK,2014-01-02 21:49,17.60
PAFK,2014-01-03 01:49,12.20
PAFK,2014-01-03 17:49,26.33
PAFK,2014-01-04 01:49,32.00
PAFK,2014-01-04 17:49,21.11
PAFK,2014-01-05 01:49,14.00
PAFK,2014-01-05 17:49,37.08
PAFK,2014-01-05 19:49,37.93
PAFK,2014-01-05 21:49,35.20
PAFK,2014-01-05 23:49,34.25
PAFK,2014-01-06 21:49,37.08
PAFK,2014-01-07 01:49,33.56
PAFK,2014-01-07 21:49,34.86
PAFK,2014-01-09 01:49,14.00
PAFK,2014-01-09 19:49,12.20
PAFK,2014-01-09 23:49,10.40
PAFK,2014-01-10 01:49,6.80
PAFK,2014-01-10 19:49,10.40
PAFK,2014-01-11 21:49,-4.00
PAFK,2014-01-12 01:49,-5.80
PAFK,2014-01-14 01:49,9.42
PAFK,2014-01-14 17:49,-0.40
PAFK,2014-01-14 23:49,-0.40
PAFK,2014-01-15 19:49,6.80
PAFK,2014-01-15 21:49,24.80
PAFK,2014-01-15 23:49,17.60
PAFK,2014-01-16 01:49,19.40
PAFK,2014-01-16 17:49,14.00
PAFK,2014-01-16 19:49,14.00
PAFK,2014-01-16 21:49,17.60
PAFK,2014-01-16 23:49,21.20
PAFK,2014-01-17 01:49,24.80
PAFK,2014-01-17 19:49,30.20
PAFK,2014-01-17 21:49,38.77
PAFK,2014-01-18 17:49,36.37
PAFK,2014-01-18 21:49,26.60
PAFK,2014-01-19 01:49,28.40
PAFK,2014-01-20 01:49,27.99
PAFK,2014-01-20 17:49,33.46
PAFK,2014-01-20 21:49,35.08
PAFK,2014-01-20 23:49,37.71
PAFK,2014-01-21 01:49,37.11
PAFK,2014-01-21 19:49,37.42
PAFK,2014-01-21 21:49,40.14
PAFK,2014-01-22 01:49,36.37
PAFK,2014-01-22 17:49,33.80
PAFK,2014-01-22 19:49,32.00
PAFK,2014-01-22 21:49,30.20
PAFK,2014-01-23 01:49,42.13
PAFK,2014-01-23 17:49,42.80
PAFK,2014-01-23 21:49,39.63
PAFK,2014-01-24 19:49,39.18
PAFK,2014-01-24 21:49,42.33
PAFK,2014-01-25 01:49,37.94
PAFK,2014-01-26 17:49,51.80
PAFK,2014-01-26 19:49,50.00
PAFK,2014-01-26 21:49,47.77
PAFK,2014-01-27 17:49,40.03
PAFK,2014-01-27 19:49,41.00
PAFK,2014-01-27 21:49,41.00
PAFK,2014-01-27 23:49,42.80
PAFK,2014-01-28 17:49,37.40
PAFK,2014-01-28 19:49,30.20
PAFK,2014-01-28 23:49,42.13
PAFK,2014-01-29 01:49,41.03
PAFK,2014-01-29 17:49,34.20
PAFK,2014-01-29 19:49,32.98
PAFK,2014-01-29 21:49,37.08
PAFK,2014-01-29 23:49,36.37
PAFK,2014-01-30 17:49,25.32
PAFK,2014-01-30 19:49,25.32
PAFK,2014-01-30 21:49,24.26
PAFK,2014-01-30 23:49,24.26
PAFK,2014-01-31 01:49,28.69
PAFK,2014-01-31 17:49,32.00
PAFK,2014-01-31 23:49,28.40
PAFK,2014-02-01 01:49,32.00
PAFK,2014-02-01 17:49,28.40
PAFK,2014-02-01 19:49,35.60
PAFK,2014-02-01 23:49,26.60
PAFK,2014-02-02 01:49,35.60
PAFK,2014-02-02 17:49,8.60
PAFK,2014-02-02 19:49,17.60
PAFK,2014-02-02 21:49,15.80
PAFK,2014-02-02 23:49,15.80
PAFK,2014-02-03 01:49,23.00
PAFK,2014-02-03 17:49,12.20
PAFK,2014-02-03 21:49,23.00
PAFK,2014-02-03 23:49,21.20
PAFK,2014-02-04 01:49,29.87
PAFK,2014-02-04 19:49,37.08
PAFK,2014-02-06 21:49,28.40
PAFK,2014-02-07 01:49,26.60
PAFK,2014-02-08 17:49,-0.40
PAFK,2014-02-08 21:49,21.20
PAFK,2014-02-08 23:49,15.80
PAFK,2014-02-09 21:49,12.20
PAFK,2014-02-09 23:49,14.00
PAFK,2014-02-10 19:49,-13.00
PAFK,2014-02-10 21:49,10.40
PAFK,2014-02-10 23:49,21.20
PAFK,2014-02-11 01:49,14.00
PAFK,2014-02-11 17:49,-4.00
PAFK,2014-02-12 19:49,-5.80
PAFK,2014-02-12 21:49,6.80
PAFK,2014-02-12 23:49,3.20
PAFK,2014-02-13 17:49,-14.80
PAFK,2014-02-13 23:49,3.20
PAFK,2014-02-14 17:49,-23.80
PAFK,2014-02-14 23:49,-0.40
PAFK,2014-02-15 17:49,-2.20
PAFK,2014-02-15 21:49,-7.60
PAFK,2014-02-16 17:49,-13.00
PAFK,2014-02-17 01:49,-0.40
PAFK,2014-02-17 17:49,-13.00
PAFK,2014-02-17 19:49,-14.80
PAFK,2014-02-17 23:49,-4.00
PAFK,2014-02-18 01:49,3.20
PAFK,2014-02-18 17:49,-20.20
PAFK,2014-02-18 19:49,-16.60
PAFK,2014-02-18 21:49,-7.60
PAFK,2014-02-19 01:49,-0.40
PAFK,2014-02-19 19:49,-2.20
PAFK,2014-02-19 21:49,10.40
PAFK,2014-02-19 23:49,15.80
PAFK,2014-02-20 17:49,-11.20
PAFK,2014-02-20 19:49,6.80
PAFK,2014-02-20 23:49,6.80
PAFK,2014-02-21 01:49,21.20
PAFK,2014-02-21 17:49,-14.80
PAFK,2014-02-21 23:49,19.03
PAFK,2014-02-22 01:49,14.69
PAFK,2014-02-22 17:49,19.71
PAFK,2014-02-22 19:49,21.57
PAFK,2014-02-22 21:49,23.48
PAFK,2014-02-24 01:49,29.87
PAFK,2014-02-24 19:49,23.00
PAFK,2014-02-24 21:49,14.00
PAFK,2014-02-24 23:49,19.40
PAFK,2014-02-25 17:49,16.91
PAFK,2014-02-25 19:49,19.98
PAFK,2014-02-25 21:49,32.80
PAFK,2014-02-25 23:49,31.62
PAFK,2014-02-26 01:49,33.80
PAFK,2014-02-26 17:49,36.37
PAFK,2014-02-26 19:49,40.03
PAFK,2014-02-26 21:49,39.18
PAFK,2014-02-26 23:49,45.04
PAFK,2014-02-27 01:49,46.34
PAFK,2014-02-27 17:49,28.40
PAFK,2014-02-27 19:49,35.60
PAFK,2014-02-27 21:49,48.20
PAFK,2014-02-27 23:49,46.40
PAFK,2014-02-28 01:49,39.20
PAFK,2014-02-28 19:49,32.00
PAFK,2014-02-28 23:49,41.00
PAFK,2014-03-01 01:49,41.00
PAFK,2014-03-01 19:49,28.40
PAFK,2014-03-02 01:49,26.60
PAFK,2014-03-02 19:49,15.80
PAFK,2014-03-02 23:49,24.80
PAFK,2014-03-03 01:49,26.60
PAFK,2014-03-03 23:49,23.00
PAFK,2014-03-04 01:49,23.00
PAFK,2014-03-04 17:49,6.80
PAFK,2014-03-04 21:49,12.20
PAFK,2014-03-05 01:49,14.00
PAFK,2014-03-05 17:49,5.00
PAFK,2014-03-06 19:49,-4.00
PAFK,2014-03-06 23:49,28.40
PAFK,2014-03-07 01:49,17.60
PAFK,2014-03-07 17:49,-4.00
PAFK,2014-03-07 19:49,1.40
PAFK,2014-03-07 21:49,24.80
PAFK,2014-03-07 23:49,21.20
PAFK,2014-03-08 01:49,14.00
PAFK,2014-03-08 21:49,5.00
PAFK,2014-03-09 01:49,10.40
PAFK,2014-03-09 20:49,21.20
PAFK,2014-03-10 00:49,5.00
PAFK,2014-03-10 16:49,-4.00
PAFK,2014-03-10 18:49,-2.20
PAFK,2014-03-10 20:49,3.20
PAFK,2014-03-11 00:49,5.00
PAFK,2014-03-11 16:49,1.40
PAFK,2014-03-11 18:49,3.20
PAFK,2014-03-12 16:49,21.20
PAFK,2014-03-12 18:49,19.40
PAFK,2014-03-13 16:49,29.17
PAFK,2014-03-13 18:49,30.76
PAFK,2014-03-13 22:49,35.20
PAFK,2014-03-14 00:49,33.56
PAFK,2014-03-14 16:49,23.00
PAFK,2014-03-14 18:49,23.00
PAFK,2014-03-14 20:49,24.80
PAFK,2014-03-15 00:49,23.00
PAFK,2014-03-15 16:49,23.00
PAFK,2014-03-16 16:49,1.68
PAFK,2014-03-16 18:49,4.27
PAFK,2014-03-17 16:49,15.64
PAFK,2014-03-17 22:49,28.53
PAFK,2014-03-18 16:49,21.20
PAFK,2014-03-18 18:49,16.34
PAFK,2014-03-19 00:49,26.60
PAFK,2014-03-19 16:49,19.40
PAFK,2014-03-19 20:49,14.00
PAFK,2014-03-20 00:49,17.60
PAFK,2014-03-21 00:49,26.60
PAFK,2014-03-21 22:49,41.00
PAFK,2014-03-22 00:49,46.40
PAFK,2014-03-22 18:49,14.00
PAFK,2014-03-22 20:49,23.00
PAFK,2014-03-22 22:49,30.20
PAFK,2014-03-23 16:49,17.60
PAFK,2014-03-23 20:49,30.67
PAFK,2014-03-23 22:49,39.22
PAFK,2014-03-24 16:49,15.80
PAFK,2014-03-24 18:49,23.00
PAFK,2014-03-24 20:49,37.40
PAFK,2014-03-24 22:49,42.80
PAFK,2014-03-25 00:49,39.20
PAFK,2014-03-25 16:49,6.80
PAFK,2014-03-25 20:49,28.40
PAFK,2014-03-25 22:49,33.80
PAFK,2014-03-26 00:49,37.40
PAFK,2014-03-27 18:49,39.20
PAFK,2014-03-28 00:49,35.60
PAFK,2014-03-28 16:49,14.00
PAFK,2014-03-29 00:49,37.40
PAFK,2014-03-29 16:49,26.60
PAFK,2014-03-29 22:49,37.40
PAFK,2014-03-30 00:49,41.00
PAFK,2014-03-30 16:49,14.00
PAFK,2014-03-30 22:49,35.60
PAFK,2014-03-31 18:49,30.20
PAFK,2014-03-31 22:49,37.40
PAFK,2014-04-01 00:49,41.00
PAFK,2014-04-01 16:49,14.00
PAFK,2014-04-01 18:49,23.22
PAFK,2014-04-01 22:49,41.00
PAFK,2014-04-02 00:49,41.00
PAFK,2014-04-02 02:49,44.60
PAFK,2014-04-02 14:49,19.40
PAFK,2014-04-02 22:49,41.00
PAFK,2014-04-03 00:49,39.20
PAFK,2014-04-03 14:49,12.52
PAFK,2014-04-03 16:49,16.91
PAFK,2014-04-03 18:49,26.63
PAFK,2014-04-03 20:49,42.13
PAFK,2014-04-03 22:49,40.03
PAFK,2014-04-04 00:49,35.83
PAFK,2014-04-04 02:49,32.03
PAFK,2014-04-04 14:49,25.32
PAFK,2014-04-04 20:49,35.20
PAFK,2014-04-04 22:49,35.75
PAFK,2014-04-05 00:49,32.98
PAFK,2014-04-05 02:49,32.03
PAFK,2014-04-05 16:49,25.32
PAFK,2014-04-05 20:49,36.92
PAFK,2014-04-05 22:49,38.98
PAFK,2014-04-06 00:49,33.73
PAFK,2014-04-06 02:49,37.40
PAFK,2014-04-06 14:49,33.80
PAFK,2014-04-06 16:49,28.40
PAFK,2014-04-06 18:49,30.20
PAFK,2014-04-06 22:49,30.20
PAFK,2014-04-07 00:49,33.80
PAFK,2014-04-07 16:49,15.80
PAFK,2014-04-07 20:49,17.60
PAFK,2014-04-07 22:49,15.80
PAFK,2014-04-08 00:49,24.80
PAFK,2014-04-08 02:49,17.60
PAFK,2014-04-08 14:49,-2.20
PAFK,2014-04-08 16:49,5.00
PAFK,2014-04-08 22:49,10.40
PAFK,2014-04-09 00:49,15.80
PAFK,2014-04-09 02:49,15.80
PAFK,2014-04-09 14:49,10.40
PAFK,2014-04-09 16:49,3.20
PAFK,2014-04-09 18:49,5.00
PAFK,2014-04-09 20:49,14.00
PAFK,2014-04-09 22:49,23.00
PAFK,2014-04-10 00:49,19.40
PAFK,2014-04-10 02:49,19.40
PAFK,2014-04-10 18:49,12.20
PAFK,2014-04-10 20:49,19.40
PAFK,2014-04-10 22:49,24.80
PAFK,2014-04-11 00:49,33.80
PAFK,2014-04-11 02:49,32.00
PAFK,2014-04-11 14:49,15.80
PAFK,2014-04-11 18:49,33.80
PAFK,2014-04-11 22:49,42.80
PAFK,2014-04-12 00:49,37.93
PAFK,2014-04-12 02:49,34.86
PAFK,2014-04-12 14:49,22.97
PAFK,2014-04-12 16:49,25.23
PAFK,2014-04-12 18:49,25.23
PAFK,2014-04-12 20:49,28.87
PAFK,2014-04-12 22:49,25.45
PAFK,2014-04-13 00:49,28.87
PAFK,2014-04-13 02:49,28.87
PAFK,2014-04-13 14:49,28.49
PAFK,2014-04-13 16:49,32.00
PAFK,2014-04-13 18:49,34.70
PAFK,2014-04-13 20:49,36.11
PAFK,2014-04-13 22:49,32.45
PAFK,2014-04-14 00:49,34.25
PAFK,2014-04-14 02:49,36.51
PAFK,2014-04-14 14:49,32.03
PAFK,2014-04-14 16:49,34.20
PAFK,2014-04-14 18:49,36.37
PAFK,2014-04-14 20:49,39.22
PAFK,2014-04-14 22:49,44.60
PAFK,2014-04-15 00:49,48.20
PAFK,2014-04-15 02:49,42.80
PAFK,2014-04-15 14:49,30.20
PAFK,2014-04-15 16:49,30.75
PAFK,2014-04-16 02:49,40.03
PAFK,2014-04-16 14:49,33.80
PAFK,2014-04-16 16:49,35.60
PAFK,2014-04-16 20:49,44.60
PAFK,2014-04-17 00:49,46.40
PAFK,2014-04-17 14:49,32.00
PAFK,2014-04-17 16:49,37.40
PAFK,2014-04-17 20:49,44.60
PAFK,2014-04-18 00:49,50.00
PAFK,2014-04-18 02:49,46.40
PAFK,2014-04-18 14:49,35.60
PAFK,2014-04-18 16:49,42.80
PAFK,2014-04-18 20:49,45.04
PAFK,2014-04-18 22:49,47.21
PAFK,2014-04-19 00:49,47.21
PAFK,2014-04-19 02:49,43.50
PAFK,2014-04-19 14:49,35.60
PAFK,2014-04-19 16:49,39.20
PAFK,2014-04-19 18:49,42.80
PAFK,2014-04-19 20:49,51.80
